IMDbId,actors
tt0170016,Jim Carrey|Taylor Momsen|Kelley|Jeffrey Tambor|Christine Baranski|Bill Irwin|Molly Shannon|Clint Howard|Josh Ryan Evans|Mindy Sterling|Rachel Winfree|Rance Howard|Jeremy Howard|T.J. Thyne|Lacey Kohl|Nadja Pionilla|Jim Meskimen|Michael Dahlen|David Costabile|Mary Stein|James Ritz|Deep Roy|Jessica Sara|Mason Lucero|Ben Bookbinder|Michaela Gallo|Landry Allbright|Reid Kirchenbauer|Rebecca Chace|Suzanne Krull|Steve Kehela|Lillias White|Rain Pryor|John Alexander|Kevin Isola|Gavin Grazer|Walter Franks|Verne Troyer|Clayton Martinez|Q'orianka Kilcher|Caroline Williams|John Short|Grainger Esch|Eva Burkley|Rick Baker|Bill Sturgeon|Mark Setrakian|Jurgen Heimann|Tim Blaney|Bryce Dallas Howard|Charles Croughwell|Frank Welker|Anthony Hopkins|Rachel Bailit|Dean Chambers|Mindy Ferguson|Heather Lea Gerdes|Linda Harmon|Richard Steven Horvitz|Ron Howard|Seth Adam Jones|Tommy Karlsen|Allie McCall|Christopher Metas|Ann Mills|Sloane Momsen|Bonnie Morgan|Carlos Ragas|Frankie Ray|Robin Kaye Shaw
tt0162222,Tom Hanks|Paul Sanchez|Lari White|Leonid Citer|David Allen Brooks|Yelena Popovic|Valentina Ananina|Semion Sudarikov|Peter Von Berg|Dmitri S. Boudrine|François Duhamel|Michael Forest|Viveka Davis|Nick Searcy|Jennifer Choe|Helen Hunt|Nan Martin|Anne Bellamy|Dennis Letts|Wendy Worthington|Skye McKenzie|Valerie Wildman|John Duerler|Steve Monroe|Ashley Trefger|Lindsey Trefger|Alyssa Gainer|Kaitlyn Gainer|Lauren Gainer|Albert Pugliese|Gregory Pugliese|Brandon Reinhardt|Matthew Reinhardt|Lisa Long|Lauren Birkell|Elden Henson|Timothy Stack|Alice Vaughn|Chase MacKenzie Bebak|Gage Bebak|Amanda Cagney|Andrea Cagney|Fred Semmer|Peter Semmer|Joe Conley|Aaron Rapke|Vince Martin|Garret Davis|Jay Acovone|Christopher Kriesa|Chris Noth|Fred Smith|Michelle Robinson|Tommy Cresswell|Jenifer Lewis|Geoffrey Blake|Rich Sickler|Derick Alexander|Brian Crider|Pamela Hallisey Hiss|Katelyn Nichols|Peter Austin Noto|Mark S. Porro|Wilson the Volleyball
tt0120755,Tom Cruise|Dougray Scott|Thandie Newton|Ving Rhames|Richard Roxburgh|John Polson|Brendan Gleeson|Rade Serbedzija|William Mapother|Dominic Purcell|Mathew Wilkinson|Nicholas Bell|Cristina Brogeras|Kee Chan|Kim Fleming|Alan Lovell|Dan Luxton|Christian Manon|Karl McMillan|Lester Morris|Kelly Ons|Nicholas Papademetriou|Brett Partridge|Candice Partridge|Natalie Reis|Daniel Roberts|Adriana Rodríguez|Sandra Rodríguez|Nada Rogic|Antonio Vargas|Alison Araya|Rebecca Barratt|Douglas Bunn|Mark Connolly|Ryder Davis|Alan Hennessy|Anthony Hopkins|Patrick Marber|William Morts|Tory Mussett|Paul Roget|Shant Sarkissian|Darren Dupree Washington
tt0172495,Russell Crowe|Joaquin Phoenix|Connie Nielsen|Oliver Reed|Richard Harris|Derek Jacobi|Djimon Hounsou|David Schofield|John Shrapnel|Tomas Arana|Ralf Moeller|Spencer Treat Clark|David Hemmings|Tommy Flanagan|Sven-Ole Thorsen|Omid Djalili|Nicholas McGaughey|Chris Kell|Tony Curran|Mark Lewis|John Quinn|Alun Raglan|David Bailie|Chick Allan|David Nicholls|Al Ashton|Billy Dowd|Ray Calleja|Giannina Facio|Giorgio Cantarini|Allan Corduner|Michael Mellinger|Said Amel|Adam Levy|Gilly Gilchrist|Paul Bateman|Nick Beardshaw|Michael Dickins|Malcolm Ellul|James Fiddy|Ruth Frendo|Kjeld Gogosha-Clark|Earl Hundt|Mehdi Kashani|Tom Kay|Phil Lowes|Nic Main|Ray Mangion|Antonio Meitin|João Costa Menezes|Mike Mitchell|Antone Pagán|Norman Campbell Rees|Neil Roche|Paul Sacks|Steve Saunders|Christopher Say|Christian Simpson|Brian Smyj|Tony Tomlinson|Michael Yale
tt0207201,Mel Gibson|Helen Hunt|Marisa Tomei|Alan Alda|Ashley Johnson|Mark Feuerstein|Lauren Holly|Delta Burke|Valerie Perrine|Judy Greer|Sarah Paulson|Ana Gasteyer|Lisa Edelstein|Loretta Devine|Diana Maria Riva|Eric Balfour|Andrea Baker|Jon Frazier|Joe Petcka|Brian Callaway|Coburn Goss|Christian Michel|Perry Cavitt|Crystal McKinney|Jeanne Marie Rice|Kathrin Middleton|Logan Lerman|Kelly Cooper|Palmer Davis|Katie Miller|Dana Waters|Gregory Cupoli|Alexondra Lee|Aviva Gale|Shirley Prestia|T.J. Thyne|Norman H. Smith|Audrey Wasilewski|Angela Oh|Robert Briscoe Evans|Chris Rolfes|Katie Kneeland|Jeanine O'Connell|Kelley Hazen|Brooke Elliott|Kristina Martin|Harmony Rousseau|Lisa Long|Heidi Helmer|Marla Martensen|Sally Meyers Kovler|Ashley Quirico|Regan Rohde|Liz Tannebaum|LeShay N. Tomlinson|Cristine Rose|Arden Myrin|Rachel Duncan|Alex McKenna|Regiane Gorski|Juliandra Gillen|Lisa Anne Hillman|Tracy Pacheco|Ashlee Turner|Jamie Gutterman|Maggie Egan|Juanita Jennings|Robin Pearson Rose|Hallie Meyers-Shyer|Laura Quicksilver|Kate Asner|Caryn Greenhut|Jennifer Greenhut|Marnie Mosiman|Sierra Pecheur|Nnenna Freelon|Gil Hacohen|Nancy Monsarat|Jacqueline Thomas|Rory Byrne|Christopher Emerson|Victoria Kelleher|Gertrude Wong|Andi Eystad|Greg Bronson|Kira Coplin|Kiva Dawson|David C. Fisher|Elizabeth Friedman|Judy Carmen Gonzalez|Melanie Good|Drew Howerton|Kimberly Lyon|TJ Martin|Krista McRoberts|Maureen Mendoza|Heidi Merrick|Bette Midler|Oriah Miller|Robin Nance|Grace O'Neill|Kristine Perchetti|Jean Sawin|Andy Schofield|Richard Simmons|Nancy Sinclair|Nicki Sixteen|Melinda Songer|Lauren Stewart|Martha Stewart|Tracey Stone|Dean Teaster|Gena Vazquez|Danielle Weeks|Nancy Wetzel
tt0177971,George Clooney|Mark Wahlberg|John C. Reilly|Diane Lane|William Fichtner|John Hawkes|Allen Payne|Mary Elizabeth Mastrantonio|Karen Allen|Cherry Jones|Bob Gunton|Christopher McDonald|Michael Ironside|Rusty Schwimmer|Janet Wright|Dash Mihok|Josh Hopkins|Todd Kimsey|Chris Palermo|Wiley M. Pickett|Hayden Tank|Merle Kennedy|Jennifer Sommerfeld|Joseph D. Reitman|Sandy Ward|Melissa Samuels|Steven Barr|J. Scott Shonka|Patrick Foley|Lloyd Malone|Billy Mayo|Mark Adams|Tim Trotman|Barry Rutstein|Patrick Stinson|Terry Anzur|Katelyn C. Brown|Miles Schneider|James Lee|Jim Argenbright|Michael Spaseff|Walter Altman|Stephanie Atkinson|Janet Borgman|Jeffrey Corazzini|Tim Cowgill|Elizabeth Duff|Matt Duggan|Shawn Fogarty|Alan Francis|Tim Gato|Sebastian Junger|Ariane Von Kamp|Edmund Loughlin|Bruce Mahler|Brad Martin|Kevin McNamara|Ken Parham|Marcio Rosario|Michael Steven Swanson|Alex Martinez Wallace
tt0212338,Robert De Niro|Ben Stiller|Teri Polo|Blythe Danner|Nicole DeHuff|Jon Abrahams|Owen Wilson|James Rebhorn|Tom McCarthy|Phyllis George|Kali Rocha|Bernie Sheredy|Judah Friedlander|Peter Bartlett|John Elsen|Mark Hammer|Amy Hohn|William Severs|John Fiore|Marilyn Dobrin|Marci Reid|Frank Santorelli|Russell Hornsby|Patricia Cook|Cody Arens|Cole Hawkins|Spencer Breslin|Ina Rosenthal|Kim Rideout|Kresh Novakovic|John Joseph Gallagher|G.A. Aguilar|Lynn Ann Castle|Robbie Bryan|Phillip V. Caruso|Alan Francis|Jon M. McDonnell|Erik-Anders Nilsson|Buzz Visconti|Todd Wall
tt0120903,Hugh Jackman|Patrick Stewart|Ian McKellen|Famke Janssen|James Marsden|Halle Berry|Anna Paquin|Tyler Mane|Ray Park|Rebecca Romijn|Bruce Davison|Matthew Sharp|Brett Morris|Rhona Shekter|Kenneth McGregor|Shawn Roberts|Donna Goodhand|John Nelles|George Buza|Darren McGuire|Carson Manning|Scott Leva|Aron Tager|Kevin Rushton|Doug Lennox|David Nichols|Malcolm Nefsky|Sumela Kay|Shawn Ashmore|Katrina Florece|Alex Burton|Quinn Wright|Daniel Magder|Matt Weinberg|Madison Lanc|Stan Lee|Marsha Graham|Amy Leland|Adam Robitel|David Lawrence Brown|Ben Jensen|Tom DeSanto|Todd Dulmage|Dan Duran|Elias Zarou|David Black|Robert R. Snow|David Hayter|Cecil Phillips|Dave Allen Clark|Deryck Blake|Ilke Hincer|Ron Sham|Jay Yoo|Grigori Miakouchkine|Eleonore Comes|Giuseppe Gallaccio|Rupinder Brar|Abi Ganem|Joey Purpura|Manuel Verge|Wolfgang Müller|Ralph Zuljan|Andy Grote|Eric Bryson|Ben Champniss|Cheryl De Luca|Wesley Finucan|Kyler Fisher|Marc Gagne|Matthew Galliford|Gary Goddard|Matt Granger|Cyprian Lerch|Donald Mackinnon|Brian Peck|Sabrina G Samuels|Jimmy Star|Daniel Vivian|Quentin Wright
tt0175142,Carmen Electra|Dave Sheridan|Frank B. Moore|Giacomo Baessato|Kyle Graham|Leanne Santos|Mark McConchie|Karen Kruper|Anna Faris|Jon Abrahams|Rick Ducommun|Regina Hall|Marlon Wayans|Shannon Elizabeth|Lloyd Berry|Cheri Oteri|Matthew Paxman|Chris Robson|Susan Shears|Peter Bryant|Lochlyn Munro|Shawn Wayans|Andrea Nemeth|Craig Bruhnanski|Dan Joffre|Kelly Coffield Park|Kurt Fuller|David L. Lander|Reg Tupper|Tanja Reichert|Kendall Saunders|Babe Dolan|David Neale|Nels Lennarson|Nicola Crosbie|Ian Bliss|Chris Wilding|Trevor Roberts|Glynis Davies|Jayne Trcka|Peter Hanlon|Ted Cole|Doreen Ramus|Lee R. Mayes|Keenen Ivory Wayans|Mark Hoeppner|Jessica Van der Veen|Jim Shepard|Marissa Jaret Winokur|Dexter Bell|Ted Gill|Kevin Hansen|Johnny Hawkes|Art Hives|Jennifer Anne Lee|Bruce Mahler|Mark Marriott|Anthony McKay|Robin Miller|Zahf Paroo|Ryan Paton|Aubrey Tennant|James Van Der Beek
tt0161081,Michelle Pfeiffer|Katharine Towne|Miranda Otto|James Remar|Harrison Ford|Victoria Bidewell|Diana Scarwid|Dennison Samaroo|Jennifer Tung|Eliott Goretsky|Rachel Singer|Daniel Zelman|Ray Baker|Wendy Crewson|Amber Valletta|Joe Morton|Sloane Shelton|Tom Dahlgren|Micole Mercurio|Donald Taylor|Jayson Argento|J.C. Brandy|Mark Patrick Costello|Steven Dell|Linda Li|Fabio May|Julian Roca-Chow|Carolyn Weidell
tt0130623,Alfre Woodard|Ossie Davis|Max Casella|Hayden Panettiere|D.B. Sweeney|Samuel E. Wright|Peter Siragusa|Julianna Margulies|Joan Plowright|Della Reese|Matt Adler|Sandina Bailo-Lape|Edie Lehmann Boddicker|Zachary Bostrom|Cathy Cavadini|Holly Dorff|Greg Finley|Jeff Fischer|Barbara Harris|David Zyler|Susie Stevens-Logan|David McCharen|Tracy Metro|Daran Norris|Bobbi Page|Noreen Reardon|Chelsea Russo|Evan Sabara|Aaron Spann|Melanie Spore|Andrea Baker|John Walcutt|Camille Winbush|Billy West|Linda Harmon|Gary Schwartz
tt0190332,Yun-Fat Chow|Michelle Yeoh|Ziyi Zhang|Chen Chang|Sihung Lung|Pei-Pei Cheng|Fa Zeng Li|Xian Gao|Yan Hai|De Ming Wang|Li Li|Su Ying Huang|Jin Ting Zhang|Rui Yang|Kai Li|Jian Hua Feng|Zhen Xi Du|Cheng Lin Xu|Feng Lin|Wen Sheng Wang|Dong Song|Zhong Xuan Ma|Bao Cheng Li|Yong De Yang|Shao Jun Zhang|Ning Ma|Jian Min Zhu|Chang Cheng Dong|Yi Shih|Bin Chen|Sao Chen Chang
tt0195685,Julia Roberts|David Brisbin|Dawn Didawick|Albert Finney|Valente Rodriguez|Conchata Ferrell|George Rocky Sullivan|Pat Skipper|Jack Gill|Irene Olga López|Emily Marks|Julie Marks|Scotty Leavenworth|Gemmenne de la Peña|Erin Brockovich-Ellis|Adilah Barnes|Irina V. Passmoore|Aaron Eckhart|Ron Altomare|Charles John Bukey|Marg Helgenberger|Randy Lowell|Jamie Harrold|Sarah Ashley|Scarlett Pomers|T.J. Thyne|Joe Chrest|Meredith Zinner|Michael Harney|William Lucking|Mimi Kennedy|Scott Sowers|Cherry Jones|Kristina Malota|Wade Williams|Cordelia Richards|Ashley Pimental|Brittany Pimental|Tracey Walter|Larry Martinez|LeRoy A. Simmons|Don Snell|Michael Shamberg|Gina Gallego|Peter Coyote|Ronald E. Hairston|Veanne Cox|Scott Allen|Sheila Shaw|Matthew Kimbrough|Jason Cervantes|Norma Maldonado|Mike Malone|Ed Masry|Tom Tangen|Julie Wagner
tt0160127,Cameron Diaz|Drew Barrymore|Lucy Liu|Bill Murray|Sam Rockwell|Kelly Lynch|Tim Curry|Crispin Glover|Matt LeBlanc|LL Cool J|Tom Green|Luke Wilson|Sean Whalen|Tim Dunaway|Alex Trebek|Raliegh Wilson|Mark Ryan|Bobby Ore|Guy Oseary|Joe Duer|Matthew Frauman|Reginald C. Hayes|Melissa McCarthy|Bob Stephenson|Ned Bellamy|Raymond Patterson|Björn Flor|Gaven E. Lucas|Michael Barryte|Andrew Wilson|Branden Williams|Frank Marocco|Diesel Pfingsten|Jim Calloway|Kevin Grevioux|Michael Papajohn|Jim Palmer|Shawn Woods|Kenny Endoso|Tom Garner|Isaac C. Singleton Jr.|Paul Eliopoulos|Tim Gilbert|Al Goto|Steven Ito|Felipe Savahge|Mike Smith|Jerry Trimble|John Forsythe|Kristen Alexander|Dan Andreiu|Jeff Andrus|Ivana Bozilovic|Paige Brooks|Jennifer Cole|Affion Crockett|Darianne Galden|Gichi Gamba|Ray Huffman|Ariane Von Kamp|Charles M. Kerper|Karen McDougal|Christopher Metas|Darren Michaels|Adrian Morales|Paul Oliver|Heather Elizabeth Parkhurst|Josh Seffinger|Matt Sergott|Steven T Stanton|Kevin Alexander Stea|Suzie Steen|Tony Stef'Ano|Nikki Tuazon|Junichi Yanagita|Brad Everett Young|Cheung-Yan Yuen
tt0181865,Benicio Del Toro|Jacob Vargas|Andrew Chavez|Michael Saucedo|Tomas Milian|Jose Yenque|Emilio Rivera|Michael O'Neill|Michael Douglas|Russell G. Jones|Lorene Hetherington|Eric Collins|Beau Holden|Peter Stader|James Lew|Jeremy Fitzgerald|Russell Solberg|Luis Guzmán|Don Cheadle|Don Snell|Enrique Murciano|Gary Carlos Cervantes|Leticia Bombardier|Miguel Ferrer|Carl Ciarfalio|Steven Lambert|Gilbert Rosales|Rick Avery|Mario Roberts|Eileen Weisinger|Keii Johnston|Mike Watson|Kurt D. Lott|Lincoln Simonds|Steve Tomaski|Buck McDancer|John Callery|Ousaun Elam|Brian Avery|Corey Spears|Majandra Delfino|Topher Grace|Erika Christensen|Alec Roberts|Catherine Zeta-Jones|Rena Sofer|Stacey Travis|Jennifer Barker|Dean Faulkner|Albert Finney|D.W. Moffett|James Brolin|Daniella Kuhn|Brandon Keener|Bill Weld|George Blumenthal|Stephen Dunham|Don Nickles|Margaret Travolta|Harry Reid|Jeff Podolsky|Jewelle Bickford|Barbara Boxer|Orrin Hatch|Charles Grassley|Dave Hager|Tucker Smallwood|Steven Bauer|Marisol Padilla Sánchez|Amy Irving|Dennis Quaid|Clifton Collins Jr.|Víctor Quintero|Toby Holguin|Ramiro González|Viola Davis|James Pickens Jr.|Peter Riegert|Elaine Kagan|John Slattery|Jimmy Ortega|Greg Boniface|Thomas Rosales Jr.|Rudy M. Camacho|Vonte Sweet|Ed Breving|Yul Vazquez|Jack Conley|Eddie Velez|Craig N. Chretien|John Brown|Mike Siegel|Joel Torres|Stephen J. Rose|Kimber Fritz|Harsh Nayyar|Mary Pat Gleason|Vincent M. Ward|Benjamin Bratt|Jsu Garcia|Gregory Estevane|Alex Procopio|Rita Gomez|Kaizaad Kotwal|David Jensen|Jay Krymis|Mike Malone|René Pereyra|Kymberly Newberry|Carroll Schumacher|Ben Scott|Michael Showers|Fred Anderson|David Bickford|Robert Randolph Caton|John Chapon|Cecile Cinco|Adam Clark|Chic Daniel|Sonia Debreczeni|Alan Easley|Douglas Embry|Choel Evans|Rod Fielder|Tony Guma|Valerie Hanna|Salma Hayek|Cathy Irons|Elizabeth Jarosz|Dominic Koulianos|Zachary Lindsey|Meagan Lopez|Christie McNew|Ambrit Millhouse|Ken Miyamoto|David Pittinger|Darlynne Reyes Menkin|Lorenzo Rodriguez|Christopher Rogers|Leo Rogstad|Laurent Schwaar|Joey Sotello|William Christopher Stephens|Lynn Struiksma|John Michael Stubbins|Clyde Tull|Fairly Tull|Jim Cody Williams|Anthony Hawkins Woods|Jessica Yoshimura|William 'Shorty' Young
tt0144528,Eddie Murphy|Janet Jackson|Larry Miller|John Ales|Richard Gant|Anna Maria Horsford|Melinda McGraw|Jamal Mixon|Gabriel Williams|Chris Elliott|Duffy Taylor|Earl Boen|Nikki Cox|Freda Payne|Sylvester Jenkins|Wanda Sykes|George King|Charles Walker|Enya Flack|Rainell Saunders|Andrea C. Robinson|Kym Whitley|Selma Stern|Julia Schultz|Barry W. Blaustein|David Sheffield|Ralph Drischell|Myles Mason|Jeffrey Michael Freeman|Maurice Colquitt|Bill Applebaum|Harry S. Murphy|Tom Jourden|Shawnette Heard|Kelly Konno|Laurie Sposit|Nadine Ellis|Kevin Michael Mondane|Viola Kates Stimpson|Naomi Morales|Kente Scott|Justin Urich|Sonya Eddy|James D. Brubaker|Richie Palmer|Charles Napier|Steve Kehela|Miguel A. Núñez Jr.|Richard Saxton|Peter Segal|William Kerr|Michael Ewing|Nicole Segal|David Banks|Greg Bronson|Ryder Davis|Diva|Mike Elizalde|Kathleen Freeman|Corey Lubak|Renee Tenison|Henri C. Wittelsohn
tt0208003,Martin Lawrence|Nia Long|Paul Giamatti|Jascha Washington|Terrence Howard|Anthony Anderson|Ella Mitchell|Carl Wright|Phyllis Applegate|Starletta DuPois|Jessie Mae Holmes|Nicole Prescott|Octavia Spencer|Tichina Arnold|Cedric the Entertainer|Philip Tan|Edwin Hodge|Aldis Hodge|Brian Palermo|Brian Paul Stuart|Sarah Zinsser|Sean Lampkin|Tony McEwing|Sean Thibodeau|Ramsey Luke|Rosi Rosi|Minnie O. Burton|Rita Fagan-Lewis|John Eddings|Louis Archie Shackles|Tameka Holmes|Ellis Hall|Debby Gaudet|Phil Hawn|Jay So|J.T. Thibodeau
tt0210945,Denzel Washington|Will Patton|Wood Harris|Ryan Hurst|Donald Faison|Craig Kirkwood|Ethan Suplee|Kip Pardue|Hayden Panettiere|Nicole Ari Parker|Kate Bosworth|Earl Poitier|Ryan Gosling|Burgess Jenkins|Neal Ghant|David Jefferson|Preston Wigasi Brant|John Michael Weatherly|Gregory Alan Williams|Brett Rice|Richard Fullerton|J. Don Ferguson|Krysten Leigh Jones|Afemo Omilami|Andrew Masset|Tim Ware|Tom Turbiville|Tom Nowicki|Jim Grimshaw|David Dwyer|Bo Keister|Lou Walker|Marion Guyot|Rhubarb Jones|Bob Neal|Dan Albright|Mike Pniewski|Sharon Blackwood|Paula Claire Jones|Kelly Cheston|Walker Jones|Ronald L. Conner|Courtney James Stewart|E.Y. Coley|John Wesley Register|B. Keith Harmon|Andy Francis|Stuart Greer|Derick Marshall|Scott Thomas|Kevin Dankosky|David Chandley|Scott Slade|Ric Reitz|Steve Barnes|Rory Griffin|Ryan Kowalske|Thomas Elliott|C. Stephen Browder|Jameel Jackson|Randy D. Patman Jr.|Jemal L. Webb|Shawn Cummings|Michael Rouby|Ray Stoney|Shanda Lee Munson|David de Vries|Andrew Collins|Stephen O. Martin|Matt Adams|Marcus M. Moore|Ryan Duncan|Chris Allen|Lauren Aparicio|Barry Brookshire|Nicky Buggs|Tyreese Burnett|Valeisha Butterfield|Edward Coakley|Darren W. Conrad|Doshia Darmane|Matt Gammon|Angel Glaspie|Alton Glass|Kristol Grant Blanks|Benjamin Gravitt|Jyn Hall|Gerrit Hamilton|Teretha G. Houston|Dharma Jackson|Lucinda Jenney|Tina King|Brittany Lee|Ron Marino|Tess Panzer|Robert M. Perez|Ernest Peterson|Robert Peterson|Arvell Poe|Eynne Ray|John Paul Rice|Kenric Richardson|Xavier Rivers|Irone Singleton|James Smith|Aly Sutton|Jonathan Thompson|Shayne Tingle|Aaron Weiler
tt0187393,Mel Gibson|Heath Ledger|Joely Richardson|Jason Isaacs|Chris Cooper|Tchéky Karyo|Rene Auberjonois|Lisa Brenner|Tom Wilkinson|Donal Logue|Leon Rippy|Adam Baldwin|Jay Arlen Jones|Joey D. Vieira|Gregory Smith|Mika Boorem|Skye McCole Bartusiak|Trevor Morgan|Bryan Chafin|Logan Lerman|Mary Jo Deschanel|Jamieson Price|Peter Woodward|Grahame Wood|Beatrice Bush|Shan Omar Huey|Hank Stone|Kirk Fox|Jack Moore|Mark Twogood|Colt Romberger|Terry Layman|Shannon Eubanks|Bill Roberson|Charles Black|Andy Stahl|Kristian Truelsen|Kanin Howell|Mark Jeffrey Miller|Zach Hanner|Dara Coleman|Randell Haynes|John Storey|Greg Good|John F. Dzencelowcz II|John Curran|Kyle Richard Engels|John Bennes|Roy McCrerey|P. Dion Moore|Tyler Long|John H. Bush|Gil Johnson|Scott Thomas|Derrick B. Young|Le Roy Seabrook|Samuel Brown Jr.|Samuel Brown Sr.|Lillie L. Harris|Braima Moiwai|Patrick Tatopoulos|Michael E. Rodgers|Tim Adair|Shane Ayon|Ryan Baber|Brad Batchelor|Tasha Biering|Lonnie Burchfield|Kathryn Burns|Robert Cannon|Tad Carr|Jeremy Cartee|Brian Patrick Catalano|Joseph Congema|William Cranford|Casey Cunningham|Ron Custer|Dominick T. DiIorio|Sam Edens|Will Finch|James Furey|Dennis Gomez|Michael Mario Good|Dale Gould|Mark Hale|Lee Hardin|C. Michael Haynes|Matthew Helms|Kevin R. Hershberger|Eric Holloway|Alex Houvouras|Patric Johnstone|Patrick G. Keenan|Jeremy Kerr|Kevin P. King|Gary Lane|Larry Lane|David Lowe|James Lowery|Vincent Lumia|Chad Mason|Drew McClintock|Patrick McNulty|Matthew Mebane|Ken Moran|Michael Neeley|John Neely|Art Newkirk|Danny Nunn|Sean O'Connor|William Palko|Stephen Patrick|Reid Perry|Scott Peterson|Don Pettit|Marc Phillips|Bert Puckett|Duncan B. Putney|Bryan Quan|Morgan Raque|Steve Reaser|Scott C. Reynolds|David Rivitz|Seneca Robinson|Cliff Romberger|David Michael Ross|David Rotan|Christopher Ruff|Marvin Schroeder|Kemper Sease|Shaphan David Seiders|Wayne Shannon|Gregory H. Starbuck|Jacob Steven|Girard Swan|Rock Taulbee|Jim Templar|Nick Vachon|Max Valentine|Phil Warren|Tim Zabel
tt0212346,Sandra Bullock|Michael Caine|Benjamin Bratt|Candice Bergen|William Shatner|Ernie Hudson|John DiResta|Heather Burns|Melissa De Sousa|Steve Monroe|Deirdre Quinn|Wendy Raquel Robinson|Asia De Marcos|Ken Thomas|Gabriel Folse|Christopher Shea|Mary Ashleigh Green|Cody Linley|Eric Ian Goldberg|Danny Kamin|Konstantin Selivanov|Mona Lee Fultz|Sergei Levtsuk|John Cann|Debbie Nelson|Don Cass|Laurie Guzda|Jimmy Graham|Rupert Reyes|Bernadette Nason|Stephen Bruton|Jessica Holcomb|Jennifer Gareis|Ellen H. Schwartz|Cassandra L. Small|Marco Perella|Cynthia Dorn|Catenya McHenry|Paige Bishop|Lucien Douglas|Georgia Foy|LeeAnne Locken|Pei-San Brown|Isamari White|Kimberly Crawford|Jamie Drake Stephens|Dyan Conner|Kelly Bright|Dee Dee Adams|Shana McClendon|Janie Terrazas|Holly Mills|Angela Van De Walle|Tarah Bartley|Farah White|Summyr Miller|Jessica Hale|Pam Green|Deborah Abbott|Cynthia Aguiar|Shane Allison|Dustin Amy|Ricardo Azulay|Johnny Bartee|Whitney Blake|Fred Bothwell|Greg Bronson|Devin Carbaugh|Robert F. Cawley|Camille Chen|Brea Cola|Constance Dasse|Ryan Davis|Brian Decaro|Lisa Del Dotto|Jeremy Denzlinger|Troy Dillinger|Katy Dunlap|Dan Eggleston|Scott Grossman|Troy Harris|Kirby M. Hiscox|Nikki Martinez|Jennifer Matyear|Dawn McCoy|Brent Mitchell|Matthew S. Moffett|Nora J. Moore|Rana Morrison|Douglas M. Nelson|Trevor Doyle Nelson|Nita Rainwater|Mylinda Royer|Harry Santiago|Maverick Shaw|James Singleton|Spike Spencer|Hollie Stenson|Scott Swanson|Clint Tidwell|LaToya Ward|Wendy Wells-Gunkel|Jerry Wu|Michelle Yerger
tt0120630,Phil Daniels|Lynn Ferguson|Mel Gibson|Tony Haygarth|Jane Horrocks|Miranda Richardson|Julia Sawalha|Timothy Spall|Imelda Staunton|Benjamin Whitrow|Jo Allen|Lisa Kay|John Sharian|Laura Strachan
tt0187078,Nicolas Cage|Giovanni Ribisi|Angelina Jolie|T.J. Cross|William Lee Scott|Scott Caan|James Duval|Will Patton|Delroy Lindo|Timothy Olyphant|Chi McBride|Robert Duvall|Christopher Eccleston|Vinnie Jones|Grace Zabriskie|Michael Owen|Jaime Bergman|Holiday Hadley|Harry Van Gorkum|Frances Fisher|Grace Una|Jesse Corti|Stephen Shellen|Alexandra Balahoutis|Rainbow Borden|Vic Manni|Sanjay|Doria Anselmo|Lois Hall|Dean Rader-Duval|C.J. Picerni|Kevin Weisman|Anthony Boswell|Billy Devlin|Bodhi Elfman|Arye Gross|Greg Collins|Cosimo Fusco|Eddie Mui|Joseph Patrick Kelly|Scott Burkholder|Margaret Kontra Palmer|Charlene Bloom|Kevin West|Billy 'Sly' Williams|Alex Walters|Lombardo Boyar|Angela Tassoni|Scott Rosenberg|Steve Danton|Tyler Patton|Carmen Argenziano|Dan Hildebrand|King Alexander|Nick Meaney|Michael Peña|Juan Pina|Tim DeZarn|John Carroll Lynch|Douglas Bennett|Bob Sattler|Dan Andreiu|Greg Bronson|Rebeca Cristian|David 'Shark' Fralick|Cecily Gambrell|Michael Gerald|Trevor Goddard|Brad William Henke|Ken Jenkins|Master P|Brian McNamara|George Meyers|Bob Pepper|Drew Renkewitz|Kenneth Swartz|Vincent Terzian
tt0217869,Bruce Willis|Samuel L. Jackson|Robin Wright|Spencer Treat Clark|Charlayne Woodard|Eamonn Walker|Leslie Stefanson|Johnny Hiram Jamison|Michaelia Carroll|Bostin Christopher|Elizabeth Lawrence|Davis Duffield|Laura Regan|Chance Kelly|Michael Kelly|Firdous Bamji|Johanna Day|James Handy|Sally Parrish|Richard Council|Damian Young|Sherman Roberts|Whitney Sugarman|Dianne Cotten Murphy|M. Night Shyamalan|Sasha Neulinger|Jose L. Rodriguez|Samantha Savino|Ukee Washington|Susan Wilder|Greg Horos|Todd Berry|Angela Eckert|Anthony Lawton|Julia Yorks|John Patrick Amedori|John Rusk|Joey Hazinsky|Bill Rowe|Marc H. Glick|Kim Simms Thomas|Andrea Havens|Gina Allegro|J.R. Ashton|Gary Beck|Lloyd Booker|Anthony Bosco|Bob Bowersox|Robert Randolph Caton|Chrismandu|Antonio Costa|Jaime Gallagher|Jennifer Hale|Natalie Hultman|Rick Kain|Scott Kennedy|Greg Korin|Lon Lawson|Fred Leeds|Bryce Lenon|Erin Lulevitch|Christina Mahon|John Martineau|Tiffany Marz|Robert Millett|Sean Oliver|Joey Perillo|Lisa Pickell|Mark Poulton|Mark Pricskett|Wayne Pyle|Vincent Riviezzo|David C. Roehm Sr.|Robert Romani|Jonathan Sachar|Greg Salvato Jr.|Francesco Scorsone|Cue Shepherd|Rita Soto|Kevin Stahl|Tamara Walker|Sonya Wallace|John Wrot!
tt0183505,Jim Carrey|Renée Zellweger|Anthony Anderson|Mongo Brownlee|Jerod Mixon|Chris Cooper|Michael Bowman|Richard Jenkins|Robert Forster|Mike Cerrone|Rob Moran|Daniel Greene|Tony Cox|Andrew Phillips|Jeremy Maleek Leggett|Justin Chandler|Zen Gesner|Steve Sweeney|Traylor Howard|Lenny Clarke|Herbie Flynn|Heather Hodder|Tracey Abbott|Jackie Flynn|Steve Tyler|Googy Gress|Joey McGilberry|Sean Gildea|Anna Kournikova|Bob Mone|Richard Tyson|Danny Murphy|Cam Neely|Brian Hayes Currie|Nikki Tyler-Flynn|Mark Leahy|Kevin J. Flynn|Conrad Goode|John Mark Andrade|Scott T. Neely|Shannon Whirry|Jerry Parker|Heather Dyson|Christine DiCarlo|Mark Levine|John-Eliot Jordan|Bob Weeks|Ezra Buzzington|Will Coogan|Rex Allen Jr.|Lin Shaye|Leslie Munroe|Harley Brown Sr.|Ray 'Rocket' Valliere|Nancy Byers|Melinda Farrelly|Christal Handy|Rudy Cheeks|Preston Thomas|Libby Langdon|Gigi Moran|Pete Peterson|J.B. Rogers|Brian Mone|Egor Davidoff|Bill Kiendl|Adriana Bega|Gordie Merrick|Brad Matthews|Kate Forster|Ben Urann|Jesse Peter|Connor Dunphy|Jordan Blevins|Dot Neary|Mike Turillo Sr.|Mike Turillo Jr.|Joan Ledwith|Dyanne Stroyman|Jane M. Reidy|Mariann Neary|Jaqueline Feeney|Robert Flaherty|Beth Jordan|Brian Stuebe|Sonia Stuebe|Tom Wingate|Jimmy Shay|Monica Shay|Scott Rosenberg|Mark Ciardi|Phil Rosenberg|Amy Leasca|Jack Andrade|A.B. Cassidy|Tiffany Burke|Tara Richert|David Page|Dean R. Palozej|Paula Palozej|Lauren Palozej|Hayden Palozej|Spencer Palozej|Everett Palozej|Bob O'Brien|George Bedard|Mike Cheney|Gwendolyn Rogers|Warren Tashjian|Carolyn Molloy|Patty Mullany Molloy|Bryan Molloy|Deanna Cerrone|Lisette Boren|Natassia Malthe|Jeanne Basone|Onzra Myers|Thomas Jordan|Nicholas Greenbury|Andrew Greenbury|Mark O'Day|Michael 'Don Julio' Burke|Mike D'Allessio|Brendan Shanahan|Taryn Chilivis|Jackie Shiffler|Tara Robare|Patrick Dragon|Karen Mone|Terez Kocsis|Kelsey Jordan|Harrison Frick|Ken Duvall|Josie Duval|Ann Marie Izzi|Sarah Billington|Mike Murphy|István Kocsis|Christine Mone|Patrick Mone|Scott Morehouse|Mark Dunn|Kristen Trucksess|Wenya Monique Williams|Bill O'Connor|Gretel Twombly|Kevin Biegel|Terry Mullany|Mike DiCarlo|Peter Krulewitch|Don Pritchard|Tom Beachene|John Sappo|Eric Adé|Marissa Adé|Danielle Adé|Cynthia Farrelly Gesner|Adam Kanter|Patrick Healy|Beth Mone|Doug Morton|Kate Phelon|Sarah Delfausse|Kathy Twombly|Michael P. Twombly|George Gondelman|Doug Tashjian|Brad Blank|Paul Pelletier|Charlie Pettygrove|John Stroehman|Megan O'Brien|Fran O'Brien|John Chan|Pete Anicelli|Tom Kocsis|Tommy Songin|Matt Irwin|Jim Dubois|Doug Bymark|Gerry Callahan|Joshua Loiko|Margaret Boylan|Mac Boylan|Georgia Boylan|Bill Hoyle|Joan Hoyle|Peter Biegel|Alice Biegel|Dotan Bonen|Ernie Malik|William Sherak|Matt Swick|Jeff Kuno|Malcolm Wilson|Ariana Parrillo|Liza Battaini|Diana Spaulding|Moriah Cowles|Tom Leasca|Joslin Leasca|Stacey Leasca|Mark Miosky|Bill Beauchene|Will Kiendl|The Appe Family|Kevin R. Wood|Robert Martini|Rick Dunphy|Jan Kane|Tom Clark|Kathleen Straube|Heikki Paadre|Victoria O'Day|Susan O'Day|Luke O'Day|Emily O'Day|Smokey Cerrone|Annette Cerrone|Glenn Ciano|Keith McLaughlin|Jill McLaughlin|Mecina Bottaro|Philomena Gidea|James Gidea|Pam O'Brien|Dan O'Brien|Ken Gumbert|Barbara Tuchon|Billy Meyer|Ruth Michelle Meyer|Margo Murphy|Monique Pelletier|David James Ward|Peter Gaulke|Gerry Swallow|Dave McVeigh|Dino Macaluso|Ellie Miosky|Ben Miosky|Kate Miosky|Mac Haskell|Trish Haskell|Dan Walenty|Jim Bennett|Jay W. Yowler|Todd Christiansen|Julie Scungio|Bobby Lippincott|Pucky Lippincott|Richard Lippincott|John Dennis|Sarah Lopez|Annie Hodgson|Matt Smith|Nancy Frey-Jarecki|Steve Moran|Mike O'Donnell|Al Lampe|Mary Lampe|Docky|Eric Lariviere|Glen Skalubinski|Bob Magnan|Stephen Mone|Chris 'Chili' Palmer|Bennett Yellin|Steve Gehrke|Christopher Alan|Rebekah Aramini|Eric Bruno Borgman|Barry Brandt|Paul Bronk|Tara Perkins|Richard Pryor|Cinzia Roccaforte|Chris Rock|Michael Steven Swanson|Tanner Wiley|James Woodson
tt0186566,Clint Eastwood|Tommy Lee Jones|Donald Sutherland|James Garner|James Cromwell|Marcia Gay Harden|William Devane|Loren Dean|Courtney B. Vance|Barbara Babcock|Rade Serbedzija|Blair Brown|Jay Leno|Nils Allen Stewart|Deborah Jolly|Toby Stephens|Eli Craig|John Asher|Matt McColm|Billie Worley|Chris Wylde|Anne Stedman|James MacDonald|Kate McNeil|Karen M. Waldron|John Linton|Mark Thomason|Georgia Emelin|Rick Scarry|Paul Pender|Tim Halligan|Manning Mpinduzi-Mott|Steve Monroe|Jean-Michel Henry|Steven West|Cooper Huckabee|Hayden Tank|Jock MacDonald|Gerald Emerick|Renee Olstead|Don Michaelson|Artur Cybulski|Gordy Owens|Steve Stapenhorst|Lauren Cohn|Michael Louden|Deborah Hope|Jon Hamm|Lamont Lofton|Aleksandr Kuznetsov|Erica Grant|Chip Chinery|Craig Hosking|Tone Loc|Lisa Malone|Denise Marek-Plumb|Jeannette Papineau|Kristin Quick
tt0120917,David Spade|John Goodman|Eartha Kitt|Patrick Warburton|Wendie Malick|Kellyann Kelso|Eli Russell Linnetz|Stephen J. Anderson|Bob Bergen|Rodger Bumpass|Robert Clotworthy|Jennifer Darling|Patti Deutsch|John Fiedler|Miriam Flynn|Geri Lee Gorowski|Jess Harnell|Sherry Lynn|Danny Mann|Mickie McGowan|D.F. Reynolds|Andre Stojka|Steve Susskind|Joe Whyte|Mark Dindal|Tom Jones
tt0134084,Liev Schreiber|Beth Toussaint|Roger Jackson|Kelly Rutherford|Neve Campbell|Courteney Cox|Julie Janney|Richmond Arquette|Patrick Dempsey|Lynn McRee|Nancy O'Dell|Ken Taylor|Scott Foley|Roger Corman|Lance Henriksen|Josh Pais|Deon Richmond|Matt Keeslar|Jenny McCarthy|Emily Mortimer|Parker Posey|Patrick Warburton|David Arquette|John Embry|Lawrence Hecht|Lisa Beach|Kevin Smith|Jason Mewes|Erik Erath|Daniel K. Arredondo|Lisa Gordon|Heather Matarazzo|Jamie Kennedy|Carrie Fisher|C.W. Morgan|Robert Baier|Greg Bronson|Wes Craven|Peter Deming|Ethan Erickson|Strawberry Fields|Matthew Lillard|Joseph Lee Michael|Hunter Shepard
tt0141926,Matthew McConaughey|Bill Paxton|Harvey Keitel|Jon Bon Jovi|David Keith|Thomas Kretschmann|Jake Weber|Jack Noseworthy|Tom Guiry|Will Estes|Terrence 'T.C.' Carson|Erik Palladino|Dave Power|Derk Cheetwood|Matthew Settle|Rebecca Tilney|Carolyna De Laurentiis|Dina De Laurentiis|Burnell Tucker|Rob Allyn|Carsten Voigt|Gunter Würger|Oliver Stokowski|Arnd Klawitter|Kai Maurer|Robert Lahoda|Peter Stark|Erich Redman|William John Evans|Robin Askwith|Jasper Wood|Martin Glade|Oliver Osthus|John William Falconer|Cory Glen Mathews|Valentina Ardeatini|Mauro Cerminara|Norman Campbell Rees
tt0213203,Elizabeth Daily|Tara Strong|Cheryl Chase|Christine Cavanaugh|Cree Summer|Kath Soucie|Michael Bell|Tress MacNeille|Casey Kasem|Joe Alaskey|Debbie Reynolds|Jack Riley|Susan Sarandon|John Lithgow|Marlene Mitsuko Yamane|Darrell Kunitomi|Goh Misawa|Julia Kato|Melanie Chartoff|Margaret Smith|Phillipe Simon|Phil Proctor|Paul Demeyer|Mako|Tim Curry|Kevin Michael Richardson|Billy West|Dionne Quan|Richard Michel|Philip Benichou|Braden Wright|Lisa McClowry|Charles Fathy|Dan Castellaneta|Hannah Makragelidis|Charlie Adler|Shannon Stephens|Roger Rose|Ben Sunderland|Ken Enomoto|Françoise Robertson|Bruno Stephane|Tohoru Masamune|Patricia Ayame Thomson
tt0218967,Nicolas Cage|Téa Leoni|Don Cheadle|Jeremy Piven|Saul Rubinek|Josef Sommer|Makenzie Vega|Jake Milkovich|Ryan Milkovich|Lisa Thornhill|Harve Presnell|Mary Beth Hurt|Amber Valletta|Francine York|Ruth Williamson|John F. O'Donohue|Daniel Whitner|Lucy Lin|Lisa LoCicero|Wass Stevens|Thomas James Foster|Irene Roseen|Ken Leung|Mak Fai|Maggi-Meg Reed|Kate Walsh|Ray Valentine|Gianni Russo|Tom McGowan|Joel McKinnon Miller|Tanya Newbould|Hilary Adahms|Troy Hall|Kathleen Doyle|Mary Civiello|Paul Keith|Elizabeth Sjoli|Philippe Bergeron|Christopher Breslin|Si Picker|Lisa Guzman|Robert Downey Sr.|P.J. Barry|Nina Barry|Ellis|Paul Sorvino|Danielle Camastra|Kylie Delre|Johnny Drocco|Elena Fabri|Tarri Markel|Paul McMichael|Adam Mucci|Jessica Prince|Louis E. Rosas|Jill Scott|Nick Taylor
tt0164052,Elisabeth Shue|Kevin Bacon|Josh Brolin|Kim Dickens|Greg Grunberg|Joey Slotnick|Mary Randle|William Devane|Rhona Mitra|Pablo Espinosa|Margot Rose|Jimmie F. Skaggs|Jeffrey Scaperrotta|Sarah Bowles|Kelli Scott|Steve Altes|J. Patrick McCormack|Darius A. Sultan|Tom Woodruff Jr.|David Vogt|Gary A. Hecker|Stephen Szibler
tt0241303,Alfred Molina|Carrie-Anne Moss|Aurelien Parent Koenig|Antonio Gil|Hélène Cardona|Harrison Pratt|Gaelan Connell|Élisabeth Commelin|Ron Cook|Guillaume Tardieu|Hugh O'Conor|John Wood|Lena Olin|Peter Stormare|Leslie Caron|Juliette Binoche|Victoire Thivisol|Judi Dench|Michèle Gleizer|Dominique MacAvoy|Arnaud Adam|Christianne Oliveira|Johnny Depp|Marion Hauducoeur|Esteban Antonio|J.J. Holiday|Malcolm Ross|Ged Barry|Iain Stoddart|Sally Taylor-Isherwood|Tatyana Yassukovich|Sally the Dog|Kelley Costigan|Dominique Delany|João Costa Menezes
tt0162650,Samuel L. Jackson|Vanessa Williams|Jeffrey Wright|Christian Bale|Busta Rhymes|Dan Hedaya|Toni Collette|Richard Roundtree|Ruben Santiago-Hudson|Josef Sommer|Lynne Thigpen|Philip Bosco|Pat Hingle|Lee Tergesen|Daniel von Bargen|Francisco 'Coqui' Taveras|Sonja Sohn|Peter McRobbie|Zach Grenier|Richard Cocchiaro|Ron Castellano|Freddie Ricks|Sixto Ramos|Andre Royo|Richard Barboza|Mekhi Phifer|Gano Grills|Catherine Kellner|Philip Rudolph|Angela Pietropinto|Joe Quintero|Lanette Ware|Stu 'Large' Riley|Mark Zeisler|Capital Jay|Bonz Malone|Henry G. Thomas|Brian Oswald Talbot|Preston Thomas|Marshall T. Broughton|Ann Ducati|Lisa Cooley|Elizabeth Banks|Scott Lucy|Chris Orr|Christopher Orr|Evan Farmer|Will Chase|Jeff Branson|Jerome Preston Bates|John Elsen|Nadine Mozon|Lawrence Taylor|Caprice Benedetti|John Cunningham|Louie Leonardo|Tony Rhune|Fidel Vicioso|F. Valentino Morales|Myron Primes|Universal|Travis Brandon Rosa|Matthew Wallace|Luis Torres|John Wojda|Ahmed Al-Khan|Amer Al-Khan|Rashid Feleyfel|Gordon Parks|Joan Baker|William H. Burns|Gabe Castillo|Nicholas J. Coleman|Johanna Estevez|Todd Fredericks|Carson Grant|Mary Ann Hannon|Isaac Hayes|Doug Hutchison|Deacon Ledges|Deirdre Lovejoy|Carl Low|Selena Mars|Riley G. Matthews Jr.|Thomas Mejia|Mercedes Mercado|Dorian Missick|Kevin O'Donnell|Nik Pjeternikaj|Gloria Reuben|Roman Rivera|Dawn Robinson|Christina Rouner|Mustafa Shakir|Cue Shepherd|John Singleton|Peter Stickles|Al Thompson|Lou Torres|Marc Yarrish
tt0219854,Bruce Willis|Spencer Breslin|Emily Mortimer|Lily Tomlin|Jean Smart|Chi McBride|Daniel von Bargen|Dana Ivey|Susan Dalian|Stanley Anderson|Juanita Moore|Esther Scott|Deborah May|Vernee Watson|Jan Hoag|Melissa McCarthy|Elizabeth Arlen|Alexandra Barreto|John Apicella|Brian McGregor|Reiley McClendon|Brian Tibbetts|Brian McLaughlin|Steve Tom|Marc Copage|Rod McLachlan|Scott Mosenson|Brian Fenwick|Duke Faeger|Toshiya Agata|Joshua Finkel|Lou Beatty Jr.|E.J. Callahan|Daryl Anderson|Darrell Foster|Michael Wajacs|John Travis|Larry King|Jeri Ryan|Nick Chinlund|Stuart Scott|Rich Eisen|Harold Greene|Kevon Edmonds|Julia Waters|Maxine Waters Willard|Stephanie Spruill|David C. Fisher|Tanisha Grant|Matt Hill|Molly Marlette|Paul Moncrief|Kelly Nish|Matthew Perry|Dayna Price|Travis Rosario|Luigi Francis Shorty Rossi|Tony Sampson|Sam Vincent|Gary Weeks
tt0215129,Breckin Meyer|Seann William Scott|Amy Smart|Paulo Costanzo|DJ Qualls|Rachel Blanchard|Anthony Rapp|Fred Ward|Tom Green|Andy Dick|Ethan Suplee|Horatio Sanz|Rhoda Griffis|Marla Sucharetza|Ellen Albertini Dow|Edmund Lyndeck|Jessica Cauffiel|Kohl Sudduth|Wendell B. Harris Jr.|Rini Bell|Jaclyn DeSantis|Aliya Campbell|Kim Fox|Patricia Gaul|Richie Dye|Mary Lynn Rajskub|Tim Ware|Julia Wright|Paula Claire Jones|Richard Peterson|Phe Caplan|Avery Kidd Waddell|Omar J. Dorsey|Preston Wigasi Brant|Mia Amber Davis|Jimmy Kimmel|Bethany Sacks|Charlie McWade|Todd Barry|Bill Rowell|Bill Gribble|Guenevere Rodriguez|Al Wiggins|Lisa Chyn|Daniel Emery Taylor|Rachel Marinacci|Bob Place|Frank Girardeau|Marla Malcolm|Matt Walsh|John Ross Bowie|Cristen Coppen|Cleo King|Lori Beth Sikes|Kellie Garrigan|Michael Cornier|Frank Cooper|Mark Bez|Andrew Fowler|Paul Simpson|Krew Keth|Marc Gordon|Tharon Johnson|Raymond DeLoatch|Will Aklin|Calvin J. Wilson|Benjamin Booker|Bridgett Wise|Aerica D'Amaro|Todd Phillips|Deborah Zoe|The K.G.B.|Johnny Genius|Moses|Tom Peyton|Ben Kramer|Eric Tobias|Aviva|Cameron Beach|Valeisha Butterfield|Randall Carlton|Doshia Darmane|Adam Fristoe|Benjamin Gravitt|Mandy Lauderdale|Summer LeAnn|Ron Marino|Relton McBurrows|Patrick Millsaps|Muretta Moss|Jacob Moyer Moats|Shanda Lee Munson|Kendra Myers|Casey Nelson|Ernest Peterson|Byron Purvis|Noah Ray|Michael South|Jim Spann|Jonathan Thompson|Alex Watson|Heather Worley
tt0190865,Chris O'Donnell|Robin Tunney|Stuart Wilson|Augie Davis|Temuera Morrison|Roshan Seth|Alejandro Valdes-Rochin|Nicholas Lea|Rod Brown|Scott Glenn|Steve Le Marquand|Ben Mendelsohn|Izabella Scorupco|Bill Paxton|Ed Viesturs|Robert Taylor|Alexander Siddig|Clinton Beavan|David Hayman|Robert Mammone|Nicole Whippy|Colin Moy|Ian Bolt|Nicolette Kenny|Ross McKellar|Tiffany de Castro|Campbell Cooley|Alistair Browning|Josephine Davison|Tamati Rice|Sally Spencer-Harris|Craig Walsh-Wrightson|Leela Patel|Gavin Craig|Barry Blanchard|Calvin Dean|Lloyd Phillips|Leo Stransky|Tom Struthers
tt0204946,Kirsten Dunst|Eliza Dushku|Jesse Bradford|Gabrielle Union|Clare Kramer|Nicole Bilderback|Tsianina Joelson|Rini Bell|Nathan West|Huntley Ritter|Shamari Fears|Natina Reed|Brandi Williams|Richard Hillman|Lindsay Sloane|Bianca Kajlich|Holmes Osborne|Sherry Hursey|Cody McMains|Ian Roberts|David E. Taylor|Ashley Howard|Nikole Lee Amateau|Clementine Ford|Grant Thompson|Leonard Clifton|Marie Cole|Dru Mouser|Tracy Pacheco|Alicia Michelle Sassano|Natasha Soll|Ryan Drummond|Paullin Wolfe|David E. Willis|Beth LaMure|Anne Fletcher|Doug Waldo|Annie Hinton|Louise Gallagher|Edmond Clay|Daniella Kuhn|Aloma Wright|Paul Bloom|Melanie Atmadja|Peyton Reed|Jodi Harris|Nectar Rose|Hilary Angelo|Elizabeth Johnson|Riley Smith|Carla Mackauf|Anna Lisa Mendiola|Greg Benoit|Adam Daniel|Conor Dean Smith|Alex Ferguson|Ruby Gonzalez|Lisel M. Gorell|Brandon Henschel|James Huffman|Kenyetta Lethridge|Rob Marrocco|Michael McCafferty|Jason Ventetuolo
tt0211181,Glenn Close|Gérard Depardieu|Ioan Gruffudd|Alice Evans|Tim McInnerny|Eric Idle|Ben Crompton|Carol MacReady|Ian Richardson|Jim Carter|Ron Cook|Timothy West|David Horovitch|Dick Brannick|Mike Hayley|Nicholas Hutchison|Tim Willcox|June Watson|Tony Bluto|Tessa Vale|John Styles|Kerry Shale|Thierry Lawson|Hugh Futcher|Charles Simon|Dorothea Phillips|Delphine Annaiis|Sherwood Ball|Macéo Bhardwaj|JB Blanc|Ian Boo Khoo|Julia Bridgeman|Greg Bronson|Martin Brown|Kenneth W Caravan|Rene Costa|Delphine de Turckheim|Linda Harmon|Leilani Holmes|Karen Kennedy|Suzy Kewer|David Keyes|Jonathan Lucas|Jack Mason|Ann Mills|James Payne|Brett Reylander|Nigel Rixon|Tina Simmons
tt0160797,Tommy Lee Jones|Samuel L. Jackson|Guy Pearce|Ben Kingsley|Bruce Greenwood|Anne Archer|Blair Underwood|Philip Baker Hall|Dale Dye|Amidou|Mark Feuerstein|Richard McGonagle|Baoan Coleman|Nicky Katt|Ryan Hurst|Gordon Clapp|Hayden Tank|Ahmed Abounouom|William Gibson|Tuan Tran|John Speredakos|Scott Alan Smith|Jihane Kortobi|David Lewis Hays|Peter Tran|Bonnie Johnson|Jason C. West|Mohamed Attifi|Zouheir Mohamed|Chris Ufland|Thom Barry|Kevin Cooney|Helen Manning|David Graf|Conrad Bachmann|Aziz Assimi|Robert Pentz Jr.|Laird Macintosh|Baouyen C. Bruyere|Steven M. Gagnon|Richard Whiten|Tom Knickerbocker|Terry Bozeman|Mary Wickliffe|Jody Wood|Elayn J. Taylor|Todd Kimsey|Stephen Ramsey|G. Gordon Liddy|Mike Stokey|Jack Galle|John Barnett|Mike Bedmiston|Michael Gerald|Freddie Joe Farnsworth|Dennis Fitzgerald|Jim Boensch|Brian Maynard|Joseph Aguilar|Johnny Alonso|Benjamin Busch|Dani Englander|Lawrence Larsen|Christopher Marquez|LauraLee O'Shell|Nate Panning|Chuck Paris|Marc Kenneth Robinson|André B. Walker
tt0209958,Jennifer Lopez|Colton James|Dylan Baker|Marianne Jean-Baptiste|Gerry Becker|Musetta Vander|Patrick Bauchau|Vincent D'Onofrio|Catherine Sutherland|Vince Vaughn|James Gammon|Jake Weber|Dean Norris|Tara Subkoff|Lauri Johnson|John Cothran|Jack Conley|Kamar de los Reyes|Christopher Janney|Nicholas Cascone|Joe La Piana|Pruitt Taylor Vince|Jake Thomas|Kim Chizevsky-Nicholls|Jennifer Day|Alanna Vicente|Aja Echols|Vanessa Branch|Elena Maddalo|Gareth Williams|Glenda Chism|Monica Lacy|Joy Creel|Leanna Creel|Alan D. Purwin|Tim|Roger Ferreira|Calvi Pabon|Peter Sarsgaard
tt0183523,Gary Sinise|Tim Robbins|Don Cheadle|Connie Nielsen|Jerry O'Connell|Peter Outerbridge|Kavan Smith|Jill Teed|Elise Neal|Kim Delaney|Marilyn Norry|Freda Perry|Lynda Boyd|Patricia Harras|Robert Bailey Jr.|Chaynade Knowles|Jeffrey Ballard|Anson Woods|Britt McKillip|Jillian Marie|Jody Thompson|Lucia Walters|Pamela Diaz|Sugith Varughese|Story Musgrave|Mina E. Mina|Carlo Rota|Dmitry Chepovetsky|Tracy Waterhouse|McCanna Anthony Sinise|Chantal Conlin|Jukka Joensuu|Bill Timoney|Riley Cantner|Samantha Cantner|Daniel Lederman|Armin Mueller-Stahl
tt0200550,Piper Perabo|Adam Garcia|John Goodman|Maria Bello|Izabella Miko|Tyra Banks|Bridget Moynahan|Melanie Lynskey|Del Pentecost|Michael Weston|LeAnn Rimes|Jeremy Rowley|Ellen Cleghorne|John Fugelsang|Bud Cort|Robert Ahlers|Orlando Sims|Barry Michael Duff|William Ritter III|Chanda Bailey|Freez Luv|Alex Band|Miles Mosley|Aaron Kamin|Vic Vanacore|Greg Pitts|Whitney Dylan|Marvin Krueger|Victor Argo|Peter Appel|John Mondin|Frank Medrano|Elizabeth Beckwith|Diane Hudock|Tara MacLean|Eric Ritter|Thomas R. Martin|Ken Hudson Campbell|Jorgen de Mey|Jimmy Shubert|Greg Ginther|Jeff Michalski|Kaitlin Olson|JJ Snyder|Susan Yeagley|Jill Gettelson|Jack McGee|Paul Davis-Miller|Johnny Zander|Wali Collins|Scott Russo|Rob Brewer|Steve Morris|Wade Youman|Patrick Kim|Natasha Reulet|Sarah Jane Morris|Jennifer Day|Nava Plotski|Alicia Lorén|Jennifer Manalo|Nicole Ghastin|Jonathan Klein|Alexandra Balahoutis|Johnny Knoxville|Chris Wylde|Mandy Amano|Carla Alapont|Stephanie Hodge|Allison Ford|Kathy Nowrey|Michael Bay|Chip Chinery|Nick Vallelonga|Joseph Patrick Kelly|Greg Collins|Stephen Snedden|Chris Soldevilla|Joe Bucaro III|James T. Sale|Heather Shannon Ryan|Biljana Filipovic|Jiyune Ahn|Dan Andreiu|Eddie Anisko|Alex Borstein|Michael R Bowman|Adam Carrera|Ryan Cavanaugh|Tony Collucci|Rebeca Cristian|Claudia Cummings|Brian Diederich|Timothy Huang|James Huffman|Tara Nicole Hughes|Jason Jacobs|Sofia Karstens|Sandra Leggio|Cheryl Ling|Corey Lubak|Christopher Mauldin|Rana Morrison|Calvi Pabon|Jeannette Papineau|Melody Perkins|Rachel Puchkoff|Jimmy Star|Patty Tobin|Lisa Marie Waishes|Brad Yoder|Patrick Yonally
tt0184907,Chris Elliott|Mark Webber|Jean Smart|Schuyler Fisk|Iggy Pop|Pam Grier|John Schneider|Chevy Chase|Zena Grey|Josh Peck|Jade Yorker|Damian Young|Connor Matheus|J. Adam Brown|Emmanuelle Chriqui|David Paetkau|Rozonda 'Chilli' Thomas|Tim Paleniuk|Josh Sealy|Orest Kinasewich|Andrea Engel|Katharine Isabelle|Carly Pope|Kea Wong|Desiree Lindsay|Lorena Gale|Jeff Watson|Daniel Cuthbertson|Alex Hudson|Renee Christianson|Frank Takacs|Dan Willmott|Shaye Ganam|Gepert Myers|Bob Chomyn|Rick Ash|Terry King|Stevie Mitchell|Leon Frierson|Chad Cosgrave|Colt Cosgrave|Rob Adams|Lesley Ewen|Daniela Flores|Nicole Grainger|Jonathan R. Holeton|Greg Mcc
tt0190138,Bruce Willis|Matthew Perry|Rosanna Arquette|Michael Clarke Duncan|Natasha Henstridge|Amanda Peet|Kevin Pollak|Harland Williams|Carmen Ferland|Serge Christianssens|Renee Madeline Le Guerrier|Jean-Guy Bouchard|Howard Bilerman|Johnny Goar|Deano Clavet|Stephanie Biddle|Charles Biddle Sr.|Geoff Lapp|Gary Gold|Robert Burns|France Arbour|Sean Devine|Richard Jutras|Mark Camacho|Joanna Noyes|John Sanford Moore|Jared Labelle|Kent McQuaid|Mike Tsar|Rumer Willis
tt0195945,Ice Cube|Mike Epps|Justin Pierce|John Witherspoon|Don 'D.C.' Curry|Jacob Vargas|Lobo Sebastian|Rolando Molina|Lisa Rodríguez|Tommy 'Tiny' Lister|Kym Whitley|Amy Hill|Tamala Jones|The Lady of Rage|Carmen Serano|Maria Arcé|Vanessa White|Clifton Powell|Michael Blackson|Ronn Riser|David Earl Waterman|Cheridah Best|Sticky Fingaz|Shane Conrad|Keebo|Greg Bronson|Daniel Dehring|Faizon Love|Michael Rapaport|Chris Tucker
tt0184894,Jackie Chan|Owen Wilson|Lucy Liu|Brandon Merrill|Roger Yuan|Xander Berkeley|Rongguang Yu|Ya Hi Cui|Eric Chen|Jason Connery|Walton Goggins|Adrien Dorval|Rafael Báez|Stacy Grant|Kate Luyben|Henry O|Russell Badger|Simon Baker|Sam Simon|A.C. Peterson|Rad Daly|Lee Jay Bamberry|Stephen Strachan|Tim Koetting|Rick Ash|Valerie Planche|Tom Heaton|James Baker|Jim Shield|Mike Mitchell|Shayne Wyler|Ben Salter|Terry King|Michelle Fansett|Joyce Doolittle|Randy Birch|Andrew Krivanek|Christopher Hunt|Jody Thompson|Eliza Norbury|Kendall Saunders|Andrew Bosch|Christy Greene|Brian Gromoff|Jim Finkbeiner|Tseng Chang|Sherman Chao|Regent Or|John Heywood|Harold Courchene|George Exelby|John Glawson|Howard Rothschild|Michael Auger|Stan Isadore|Wacey Labelle|Grace Lu|Melvin Skales|May Louie|Kar Kut Yeung|Ted Lim|Lun Wong Tik|Chun Leung Kwai|Henry Louie|James Carver|Dallas Dorchester|Jason Glass|Lisa Stafford|Carla|Olivia Cheng|Archie Kan|Larry Lam|Elise Lew|Tong Lung|Jenafor Ryane|Cliff Solomon|Michael Tod|Biao Yuen
tt0165929,Jet Li|Aaliyah|Isaiah Washington|Russell Wong|Delroy Lindo|D.B. Woodside|Henry O|Jon Kit Lee|Edoardo Ballerini|Anthony Anderson|DMX|Matthew Harrison|Terry Chen|Derek Lowe|Ronin Wong|Byron Lawson|Kendall Saunders|Benz Antoine|Keith Dallas|Taayla Markell|Tseng Chang|Tong Lung|Richard Yee|Colin Foo|Lance Gibson|Grace Park|Jennifer Wong|Manoj Sood|Fatima Robinson|Gaston Morrison|Clay Donahue Fontenot|Ryan Jefferson Lowe|Jonross Fong|Alonso Oyarzun|Samuel Scantlebury|Françoise Yip|Alvin Sanders|William S. Taylor|Morgan Reynolds|David Kopp|Aaron Joseph|William MacDonald|Oliver Tan|Kandyse McClure|W.J. Waters|Cesar Abraham|Jerry Grant|Tonjha Richardson|Chic Gibson|Jody Vance|Perry Solkowski|Ann Gwathmey|Derek Kwan|Larry Lam|Jessica J. Stowes
tt0195714,Devon Sawa|Ali Larter|Kerr Smith|Kristen Cloke|Daniel Roebuck|Roger Guenveur Smith|Chad Donella|Seann William Scott|Tony Todd|Amanda Detmer|Brendan Fehr|Forbes Angus|Lisa Marie Caruk|Christine Chatelain|Barbara Tyson|Robert Wisden|P. Lynn Johnson|Larry Gilman|Guy Fauchon|Randy Stone|Mark Holden|Marrett Green|Fred Keating|John Hainsworth|Pete Atherton|Nicole Robert|Kristina Matisic|Dustin Brooks|Martin Christopher|Denis Corbett|Yolanda Corbett|Alessandro Juliani|Mark Marriott|Natasha Morley|Morgan Strebler|Troy Yorke
tt0181536,Sean Connery|Rob Brown|F. Murray Abraham|Anna Paquin|Busta Rhymes|April Grace|Michael Pitt|Michael Nouri|Richard Easton|Glenn Fitzgerald|Lil' Zane|Stephanie Berry|Fly Williams III|Damany Mathis|Damion Lee|Tom Kearns|Matthew Noah Word|Charles Bernstein|Matt Malloy|Matt Damon|Jimmy Bobbitt|Capital Jay|Jim Titus|Cassandra Kubinski|Sophia Wu|Gerry Rosenthal|Tim Hall|Tom Mullica|David Madison|Joey Buttafuoco|Jaime McCaig|William Modeste|Daniel Rodriguez|Samuel Tyson|Vince Giordano|Gregory Singer|Dean Pratt|Kerry MacKillop|Harvey Tibbs|Jack Stuckey|Mark Lopeman|Marc Phaneuf|Larry Wade|Conal Fowkes|Matt Munisteri|John Sullivan|Ron Morgan|Alison Folland|Alex Trebek|Chris M. Allport|Brett Barsky|Michael E. Bell|Alexander Conti|Joe Crosson|Jessica Leshnower|Craig Loydgren|Randi Rosenholtz|Peter Stickles|Gus Van Sant
tt0138749,Kevin Kline|Kenneth Branagh|Rosie Perez|Armand Assante|Edward James Olmos|Jim Cummings|Frank Welker|Tobin Bell|Duncan Marjoribanks|Elijah Chiang|Cyrus Shaki-Khan|Elton John
tt0203019,Robert De Niro|Cuba Gooding Jr.|Charlize Theron|Aunjanue Ellis|Hal Holbrook|Michael Rapaport|Powers Boothe|David Keith|Holt McCallany|David Conrad|Joshua Leonard|Carl Lumbly|Lonette McKee|Glynn Turman|Dennis Troutman|Joshua Feinman|Theo Nicholas Pagones|Ryan Honey|Chris Warren|Lester B. Hanson|Jack Frazier|David Richard Heath|Demene Hall|Alimi Ballard|Shawn Michael Howard|Troy Lund|Henry Harris|Matt Dotson|David Meyers|Richard Perry Turner|George 'Chick' Rankins|Richard Sanders|Henry Noble|Dennis Bateman|Eric Newsome|Steven Clark Pachosa|Marilyn Faith Hickey|Bruce Burkhartsmeier|Michael Tyrone Williamson|Michelle Guthrie|Michael Patrick Egan|Scott Kraft|Tim Monsion|Dulé Hill|Timothy McCuen Piggee|John Polce|The Count|Allen Gerbino|Art Gotisar|Robert Blanche|Ivory Leslie Dilley|Chad W. Smathers|Wayne Morse|Rachel Jahn|Jon Du Clos|Leon Russom|Richard Radecki|Randy Flagler|Jeremy Taylor|Ayanna Berkshire|Carl Brashear|Heath Centazzo|Mark Correy|Jayson Crittenden|Joe Guarneri|Ethan Hoyt|Chris Krueger|Jonah Loeb|Koko Masako|Roger Petan|Tyler Posey|Geno Romo|Laurie Slater|Kevin Michael Watson|Brad Everett Young
tt0242423,Ashton Kutcher|Seann William Scott|Jennifer Garner|Marla Sokoloff|Kristy Swanson|David Herman|Hal Sparks|Charlie O'Connell|John Toles-Bey|Christian Middelthon|Dave Bannick|Turtle|Bob Clendenin|Mary Lynn Rajskub|Kevin Christy|Kristoffer Ryan Winters|Bill Chott|Michael Bower|John Melendez|Teressa Tunney|Linda Porter|Freda Foh Shen|Mitzi Martin|Nichole Hiltz|Linda Kim|Mia Trudeau|Kimmarie Johnson|Keone Young|Christopher Darga|Marc Lynn|Pat Finn|Cleo King|Cinco Paul|Brendan Hill|Jona Kai Jacobsen|Jodi Ann Paterson|Dwight Armstrong|Claudine Barros|Richard Johnson|Galvin Chapman|Joanna Bacalso|Katherine Baker|Tabitha Taylor|Misty Atkinson|Veronica Gomez|Melissa Burleson|Annette Pursley|Melissa Copen|Linda Maria Balver|Cheryl Tsai|Erik Aude|Ryan Christian|Blaise Fitzgerald|William H. Gray|Sydney|Fabio|Michael Beardsley|Dominic Capone III|Alex Cong|Steven Derek|Andy Dick|Anthony L. Fuller Jr.|Joyce Giraud|Joe Gonzales|Geoffrey Gould|Al Kenders|Valentina Marie Lomborg|Kyle Nudo|Gary Rodriguez|Brent Spiner|Banzai Vitale|Michael Shamus Wiles
tt0220099,Jim Cummings|Nikita Hopkins|Ken Sansom|John Fiedler|Peter Cullen|Andre Stojka|Kath Soucie|Tom Attenborough|John Hurt|Geoff Koch|Frank Welker
tt0190590,George Clooney|John Turturro|Tim Blake Nelson|John Goodman|Holly Hunter|Chris Thomas King|Charles Durning|Del Pentecost|Michael Badalucco|J.R. Horne|Brian Reddy|Wayne Duvall|Ed Gale|Ray McKinnon|Daniel von Bargen|Royce D. Applegate|Frank Collison|Quinn Gasaway|Lee Weaver|Millford Fortenberry|Stephen Root|John Locke|Gillian Welch|A. Ray Ratliff|Mia Tate|Musetta Vander|Christy Taylor|April Hardcastle|Michael W. Finnell|Georgia Rae Rainer|Marianna Breland|Lindsey Miller|Natalie Shedd|John McConnell|Issac Freeman|Wilson Waters Jr.|Robert Hamlett|Willard Cox|Evelyn Cox|Suzanne Cox|Sidney Cox|Buck White|Sharon White|Cheryl White|Ed Snodderly|David Holt|Dan Andreiu|Seth Bailey|Billy W. Blackwell|Ron Block|Dan Braun|Ryder Davis|Jerry Douglas|Christopher Francis|Gloria Gonnillini|Geoffrey Gould|Stuart Greenwell|Emily D. Haley|R.C. Keene|Nathan Kornelis|Nathaniel Lee Jr.|Lamar Lott|Mark Munson|Andy Sims|Christa Sparks|Shayne Tingle|Dan Tyminski|Leon Walls|John Wilkie
tt0186151,Dennis Quaid|Jim Caviezel|Shawn Doyle|Elizabeth Mitchell|Andre Braugher|Noah Emmerich|Melissa Errico|Daniel Henson|Jordan Bridges|Stephen Joffe|Jack McCormack|Peter MacNeill|Michael Cera|Marin Hinkle|Richard Sali|Nesbitt Blaisdell|Joan Heney|Jessica Meyer|Kirsten Bishop|Rocco Sisto|Rosemary De Angelis|Dick Cavett|Brian Greene|Melissa Fitzgerald|John Di Benedetto|Terry Serpico|Brian Smyj|Nicole Brier|Brantley Bush|David Huband|Timothy Brown|Chuck Margiotta|Karen Glave|Frank McAnulty|Derek Aasland|Jim McAleese|Catherine Burdon|Jennifer Baxter|Desmond Campbell|Danny Johnson|Colm Magner|Brigitte Kingsley|Tucker Robin|Barney Cheng|Curt Gowdy|Cleon Jones|Robert Nicotra|Richard Nixon|Nancy E.L. Ward|Al Weis
tt0191397,Keanu Reeves|Gene Hackman|Brooke Langton|Orlando Jones|Faizon Love|Michael Taliferro|Ace Yonamine|Troy Winbush|David Denman|Jon Favreau|Michael Jace|Rhys Ifans|Gailard Sartain|Art LaFleur|Brett Cullen|Archie L. Harris Jr.|Evan Parke|John Madden|Pat Summerall|Jack Warden|Al Brown|Richard Pilcher|Robyn Peterson|Keith David|Gregory L. Williams|Kevin Reid|William J. McKeon III|Cliff McMullen|Zachary I. Young|Kenward Lee|Sarah Ann Morris|Caroline Keenan|Elisa Nixon|Stella Choe|John Clark|Justin Riemer|Tyrone Roy|Eric Miller|Todd Champagne|Kel Waltrin|Michael Brinkman|Pete Ohnegian|Jesper Inglis|Mark Robert Ellis|Dylan Sellers|Stephen F. Schmidt|Todd Eric Yeaman|Marty Wright|Jon Garcia|Tom Barry|Rhonda Overby|Ol' Dirty Bastard|James Black|Jon K. Farless|Jamie Vane|Edward Beckford|E. Dawn Samuel|Craig Sechler|Robert Vique|Doug Olear|Paul Morella|Bobby DeAngelo|Seymour Horowitz|Robert Shepherd|David Cureton|Thomas Korzeniowski|Greg Goossen|Christian Lyon|Marc C. Geschwind|Michelle Johnston|Elliot Balis|Laura L. Cottrel|Amber Dulski|Tim Estep|Levis Francis|Mieko Hillman|Milinda A. Jefferson|Renee Latimore|Ken Martin|Melissa Mustotto|Emily Merryn|Chris Stabile|Stephanie Sutch|Justin L. Wilson|Seanna Zimmerman|Nicole Schiro|Marcia Dor|Heather Pederson|Michelle Courtney|Gemma Baker|Andrea Graham|Leni Greenblatt|Andrea Barnes|Carol Caesar|Michelle Pinkham|Mia Reeves|Margie Tompros|Royan Miller|Maria Berman|Jaya Kamal|Leanna Foglia|Russell Marcum|Mary Ann Walsh|Andrea R. Baker|Sherry Billings|Lisa Danielle|Roger Herrera|Carolina Hoyos|Rana Morrison|Debbie Tsamoudakis|Michael Alban|Markus Alexander|Larry Amon|Joanna Becker|Michael Blumenstock|Erin Leigh Bushko|Robert Randolph Caton|Paul M. Clary|Greg Cool|John Cramer|Monet Cunningham|Dustin Dennard|Jeff Dignan|Adam DiSpirito|Patricia DiZebba|Brian Dragonuk|Monique Dupree|Pamela Fischer|Mimi Fletcher|Dan Franko|Joe Gaines|Nasi Glekas|Allan Graf|John Hagy|Matt Hobbie|Angelica Huesca|Pete Karas|Jacqui Karpel|Julian Kelly|Big Ben Kennedy|Jennifer Kersey|Alex Kozushin|Danny Lanham|Mark Lassise|Bruce Lindsay|Shannon Livingston|Meagan Lopez|Julie Mabry|Paul Majors|Tom Miley|Vance Mulholland|John G. Pavelec|George Peroulas|Orlando Williams-De La Rosa|Saint|Danny Scalf|Pamela Sherman|Ryan Slattery|Dustin Smither|David J. Smolar|Al Sotto|Lester Speight|Philip Stamper|Steve Stanulis|LeRoy Taylor|Richard Tovish|Towanda Underdue|Will Vought|Anthony Wanzer|Andrew Weidig|Delaney Williams|Michael Anthony Williams|Ron A. Williams
tt0163978,Leonardo DiCaprio|Daniel York|Patcharawan Patarakijjanon|Virginie Ledoyen|Guillaume Canet|Robert Carlyle|Somboon Phutaroth|Weeratham 'Norman' Wichairaksakui|Jak Boon|Peter Youngblood Hills|Jerry Swindall|Krongthong Thampradith|Apichart Chusakul|Sanya 'Gai' Cheunjit|Kaneung 'Nueng' Kenia|Somchai Santitharangkun|Seng Kawee|Somkuan 'Kuan' Siroon|Paterson Joseph|Zelda Tinska|Victoria Smurfit|Daniel Caltagirone|Peter Gevisser|Lars Arentz-Hansen|Tilda Swinton|Lidija Zovkic|Samuel Gough|Staffan Kihlbom Thor|Jukka Hiltunen|Magnus Lindgren|Myriam Acharki|Andrew Carmichael|Josh Cole|Hélène de Fougerolles|Bindu De Stoppani|Stacy Hart|Nina Jacques|Sheridan Jones|Gunilla Karlson|Sian Martin|Isabella Seibert|Elizabeth Thomas|Michael Thorpe|Timothy Webster|Ramon Woolfe|Saskia Mulder|Simone Huber|Raweeporn 'Non' Srimonju|Irmelin DiCaprio|Espérance Pham Thai Lan
tt0185431,Adam Sandler|Patricia Arquette|Harvey Keitel|Rhys Ifans|Tommy 'Tiny' Lister|Rodney Dangerfield|Allen Covert|Peter Dante|Jonathan Loughran|Robert Smigel|Reese Witherspoon|Dana Carvey|Jon Lovitz|Kevin Nealon|Michael McKean|Quentin Tarantino|Blake Clark|Rob Schneider|John Witherspoon|Clint Howard|Leah Lail|Jackie Sandler|Mannie Jackson|Orlando Antigua|Matthew Jackson|Curley 'Boo' Johnson|Herbert Lang|William Stringfellow|Lou Dunbar|Frank Sivero|Lewis Arquette|George Wallace|Christopher Carroll|Ellen Cleghorne|Reggie McFadden|Philip Bolden|Laura Harring|Isaiah Griffin|Brandon Rosenberg|Kevin Grady|Jodi Outman|Erinn Bartlett|Salvatore Cavaliere|Henry Winkler|Ozzy Osbourne|Bill Walton|Regis Philbin|Sylvia Lopez|Sidney Ganis|Todd Holland|Gerard Bugge|Mary Brill|Suzanne Frydman|John Kirk|Tom McNulty|Michael Giarraputo|Fred Wolf|Jana Sandler|Kalie Stewart-Conner|Stephanie Chao|Kimberly Velez|Tracey Ostrand|David Sardi|Tom Winkler|John Farley|Tim Young|Troy Brown|Eli Wolstan|Michael Charles Roman|Peter Anthony Tambakis|John White|Jeff Imada|Craig Castaldo|Mary Diveny|Stuart Rudin|Ng Thanh Nhan|Michael Goldfinger|Peter Linari|Rico Bueno|Lynn Wilson|Lillian Adams|Andrew L. Mensch|Gwen Yeager|Joseph S. Griffo|Cindy Sorenson|Jake McKinnon|Michael Deak|Agustín Alvardo|David Michael John Castner|Dana Moir|Paul Tanksley Jr.|J. Graysen Stubbs|Jess Harnell|Dan Andreiu|Paul Michael Bloodgood|Steven Brill|Juan Canopii|Jan Citron|Cesar O. Figueroa|John Forker|Christopher Francis|Vincenetta Gunn|Tim Herlihy|Timothy Huang|Lex Lang|LeJon|Corey Lubak|Dan Marino|Rebeca Martinez|Ryan McGonagle|Paul McMichael|Alex Moore|Erich 'Mancow' Muller|Lance Polland|Charley Rice|Lee Roth|Randy Troy|Rosemarie Tursi|Taylor Wayne|Carl Weathers
tt0134847,Vin Diesel|Radha Mitchell|Cole Hauser|Keith David|Lewis Fitz-Gerald|Claudia Black|Rhiana Griffith|John Moore|Simon Burke|Les Chantery|Sam Sari|Firass Dirani|Ric Anderson|Vic Wilson|Angela Moore|Peter Chiang|Ken Twohy
tt0236388,Steve Harvey|D.L. Hughley|Cedric the Entertainer|Bernie Mac
tt0230030,Brendan Fraser|Elizabeth Hurley|Frances O'Connor|Miriam Shor|Orlando Jones|Paul Adelstein|Toby Huss|Gabriel Casseus|Brian Doyle-Murray|Jeff Doucette|Aaron Lustig|Rudolf Martin|Julian Firth|Iain Rogerson|Biddy Hodson|Roger Hammond|William Osbourne|Laurel A. Ward|Beverly Wiles|Robert Ambrose|Suzanne Herrington|Bonnie Somerville|Sadie Stratton|David Bain|William Salyers|Tom Woodruff Jr.|William Marquez|Ilya Melnikoff|Paul Simon|Michael Haley|Ray Haratian|Mickey Victor|Stephan McKenzie|Lindsay Albert|Joanna Bacalso|Anderson Bourell|Cara Michelle Meschter|Jessica Anne Osekowsky|Christine Cameron|Michelle Boehle|Brigid Burns|Gigi Chavoshi|Natalie Hohalek|Eboni Nichols|Katy Durham|Gloria Rodriguez|Susie Shoemaker|Joelene Walker|Hope Wood|A. David Burleigh|Jan Citron|Wahayn Inello Clayton|Sam Cohen|Peter Cornell|M.G. Cross|Laura Dickinson|Scott Duthie|John Forker|Marc Gardner|Thelma Gutiérrez|Todd Henry|Baron Jay|Lia Johnson|Ethan Keogh|Lex Lang|Paul McMichael|Orleans Miranda|Ken Miyamoto|Paul Moncrief|Cal Nguyen|Clarence Perry|Dominic Peterson|Tracy Pfau|Tim Phoenix|James Pomichter|Barry Ratcliffe|Louis E. Rosas|Ruel Rowe|Jodi Thomas|Tristan Thomas|Tamara Torres|Scott Trimble|Mark Winn|Elizabeth Wittelsbach|Robert Wolfskill
tt0174480,Richard Gere|Winona Ryder|Anthony LaPaglia|Elaine Stritch|Vera Farmiga|Sherry Stringfield|Jill Hennessy|J.K. Simmons|Sam Trammell|Mary Beth Hurt|Kali Rocha|Steven Randazzo|Toby Poser|George Spielvogel III|Ranjit Chowdhry|Audrey Quock|Tawny Cypress|Gabriel Portuondo|Laurent Schwaar|Patrick Price|Ted Koch|Alvin H. Einbender|Daniella Van Graas|Rachel Nichols|Steven Ravid|Ron Emanuel|Dan Camins|John Guidera|Russell Hunston|Nik Pjeternikaj|Paige Handler|Liza Lapira|Sarah Teresa Burns|Bill Raymond|Earl Carroll|David Filippi|Becca Lee|Estelle Robinson|Brittney Bunkis|Delores Mitchell|Hatsumi Yoshida|Kristi Lee Guinness|Luca Waldman|Daniella Canterman|Deanna Canterman|Harry Burney|Cheyne M. Hansen|Pamela Twyble|Iris Flick|Kathleen Goldpaugh|Robert Plunket|Shawna Bermender|Lindsay Canton|Jamie Harrold|Timothy Huang|Nami Paix|Rohan Quine|Adriana Souza|Randy Troy|Jade Viggiano
tt0171433,Ben Stiller|Edward Norton|Jenna Elfman|Anne Bancroft|Eli Wallach|Ron Rifkin|Milos Forman|Holland Taylor|Lisa Edelstein|Rena Sofer|Ken Leung|Brian George|Catherine Lloyd Burns|Susie Essman|Stuart Blumberg|Samuel Goldberg|Michael Charles Roman|Blythe Auffarth|Jonathan Randell Silver|Brian Anthony Wilson|Juan Piedrahita|Kelly Deadmon|Raphael M.A. Frieder|Bodhi Elfman|Chris Gardner|Santi Formosa|Francine Beers|Rena Blumberg|Ellen Hauptman|Liz Larsen|Matt Winston|Nelson Avidon|David Wain|Donna Hanover|Wai Ching Ho|Howard Greller|Brenda Denmark|Marilyn Cooper|Hawk Koch|Craig Castaldo|Keith Perry|John Arocho|Derrick Eason|Ray Carlson|Barbara Haas|Sunny Keyser|Lorna Lable|Paula Raflo|Hillary Brook Canter|Dana Lubotsky|Alexandra Rella|Eugene S. Katz|Tony Rossi|John P. Duffell|Keith Williams|Dagmara Dominczyk|Kryss Anderson|Sophia Alexis|Tony Devon|Giovanni Capitello|Bronwen Carson|Robin Clark|Andre Da Silva|Dan Griffin|Jeff Millstein|Tom Modern|Joseph Oliveira|Victoria Rong|Laura Summer|Amy Wilson|Frank Floyd|Paul Hogan|Martin Pfefferkorn|Jessica Prince|Shabazz Ray|Robert F. Saunders|Bernard J. Tarver|Cliff Townsend
tt0191754,Sandra Bullock|Viggo Mortensen|Dominic West|Elizabeth Perkins|Azura Skye|Steve Buscemi|Alan Tudyk|Mike O'Malley|Marianne Jean-Baptiste|Reni Santoni|Diane Ladd|Margo Martindale|Susan Krebs|Loudon Wainwright III|Katie Scharf|Meredith Deane|Elizabeth Ruscio|Kathy Payne|Lisa Sutton|Joanne Pankow|Corinne Reilly|Andrew Dolan|Maeve McGuire|Jim Moody|Christina Chang|Adam Pervis|Dan Byrd|Ric Reitz|Suellen Yates|Frank Hoyt Taylor|Brittani Warrick|Elijah Kelley|Mike Dooly|Wendee Pratt|Bill Anagnos|Jack Armstrong|Judith Chapman|Suzanne Davis|Rod McCary|Matt Cedeño|Taber Cross|Patricia M. Fairchild|Bruno Gunn|Archie Hahn|Edwin Modlin II|Christopher Murphy|Harsh Nayyar|Brent Ponder|Stan Wood
tt0186894,Ben Affleck|Gwyneth Paltrow|Natasha Henstridge|Edward Edwards|Jennifer Grey|Tony Goldwyn|Lisa Carpenter-Prewitt|Lisa Joyner|Richard Saxton|Caroline Aaron|David Dorfman|Alex D. Linz|Juan Garcia|Mary Ellen Lyon|Joe Morton|Thea Mann|Matthew Frauman|Sam Robards|Ty Murphy|David McCharen|Julianne Christie|Jeff Garlin|Johnny Galecki|Nicole Tocantins|Ashley Montgomery|Erik Aude|Scott Alan Smith|Mark Ankeny|Julia Campbell|Michael Laskin|Michael Ayala|David St. James|Don Amendolia|John Levin|Chris Harrison|Michael R Bowman|Dan Braun|Bob Casper|Katherine Disque|Jeffrey M. Hoffman|Kimberley Kates|Mike McIntosh|Maureen Mendoza|David Paymer|Alastair Surprise|Andy Umberger
tt0162983,Meg Ryan|Diane Keaton|Lisa Kudrow|Walter Matthau|Adam Arkin|Shaun Duke|Ann Bortolotti|Cloris Leachman|Maree Cheatham|Myndy Crist|Libby Hudson Lydecker|Jesse James|Edie McClurg|Tracee Ellis Ross|Celia Weston|Bob Kirsh|Stephanie Ittleson|Venessia Valentino|R.A. Buck|Phil Levesque|Paige Wolfe|Charles Matthau|Ethan Dampf|Mary Beth Pape|Catherine Paolone|Carol Mansell|Katie Stratton|Talia-Lynn Prairie|Kristina Dorn|Lucky Vanous|Bill Robinson|Jaffe Cohen|Johnathan Cale|Ben Murphy|Sebastian Feldman|Uwe Schwarzwalder|Warren Sweeney
tt0158622,Mark Addy|Stephen Baldwin|Kristen Johnston|Jane Krakowski|Joan Collins|Thomas Gibson|Alan Cumming|Harvey Korman|Alex Meneses|John Taylor|Tony Longo|Danny Woodburn|Taylor Negron|Jack McGee|David Jean Thomas|Brian Coughlin|Richard Karron|Gary Epp|Jennifer Simard|Heather Simpson|Chene Lawson|Beverly Sanders|John Cho|Nora Burns|Cheryl Holdridge|Mark Kubr|Buck Kartalian|Matt Griesser|Irwin Keyes|Mary Jo Smith|Duane Davis|Kevin Grevioux|Steve Schirripa|John Wills Martin|Lucille M. Oliver|Joel Virgel|Rachel Winfree|Ted Rooney|Jim Doughan|Jason Kravits|John Stephenson|Brian Mahoney|Ann Martel Mahoney|Walter Gertz|Mel Blanc|Rosie O'Donnell|William Hanna|Joseph Barbera|Jennifer Arden|Jennifer Bachler|Tracie Burton|Teresa Chapman|Jacqueline Case|Betsy Chang|Darlene Dillinger|Kristen Dinsmore|Tracie Hendricks|Helena Hultberg|Katherine Miller|Jessica Page|Kim Timbers-Patteri|Cristal Williams|Joe Davis|Allan Trautman|Sarah Imes Borden|Michael Bower|MarLee Candell|Katy Durham|William J. Gavin|Paul Gebeau|Gordon Hart|Brandon Henschel|Ray Huffman|Brandon Molale|Robyn Moran|Mary Morrissey|Bob Pepper|Berta Richey|Gary Rodriguez|Scott L. Schwartz|Joseph Steven|Kristen Stewart|Christian Vincent
tt0192614,Joshua Jackson|Paul Walker|Hill Harper|Leslie Bibb|Christopher McDonald|Steve Harris|William Petersen|Craig T. Nelson|David Asman|Scott Gibson|Nigel Bennett|Andrew Kraulis|Derek Aasland|Jennifer Melino|Noah Danby|Mac Fyfe|David Christo|Shaw Madson|Jesse Nilsson|Shawn Mathieson|Steven McCarthy|Matthew G. Taylor|Henry Alessandroni|James Finnerty|Cyprian Lerch|Dominic Kahn|Ken Campbell|Pedro Salvín|Derek Boyes|Katherine Trowell|Connie Buell|Stephen Richard|Kevin Allen|Paul Walker III|Jason Knight|Amanda Goundry|Malin Akerman|Rob Cohen|Chris Ham|Sherry Hilliard|Jonathan Khan|Gillian Parker|Julian Paul|Weir Revie
tt0146309,Shawn Driscoll|Kevin Costner|Drake Cook|Lucinda Jenney|Caitlin Wachs|Jon Foster|Matthew Dunn|Kevin O'Donnell|Janet Coleman|Bruce Thomas|Stephanie Romanov|Bruce Greenwood|Frank Wood|Dakin Matthews|Liz Sinclair|Colette O'Connell|Karen Ludwig|Audrey Rapoport|Marliese Schneider|Steven Culp|Dylan Baker|Bill Smitrovich|Henry Strozier|Ed Lauter|Michael Fairman|Walter Adrian|Tim Kelleher|James Karen|Dan Ziskie|Len Cariou|Peter White|Kevin Conway|Kelly Connell|Olek Krupa|Elya Baskin|Timothy Jerome|Jack McGee|Lamar Smith|John Aylward|Madison Mason|Vivien Straus|Christopher Lawford|David O'Donnell|Gene Del Bianco|Benjamin Koldyke|Daniel Vergara|Ruben Moreno|Thomas Roberts|Sean Bergin|Alan Francis|Robert Munstis|Michael Gaston|Joseph Repoff|J. Tucker Smith|Chris Henry Coffey|Oleg Vidov|Radu Gavor|Zitto Kazann|Alex Veadov|Jack Blessing|Tom Everett|Karl Makinen|Boris Lee Krutonog|Charles Esten|Charles Barrett|Darryl Smith|Allan Graf|Robert Miranda|Todd Sible|Marya Kazakova|Cliff Fleming|Craig Hosking|Pauli Macy|Michael R Bowman|Greg Bronson|Walter Cronkite|Hope Cruickshank|Tess Cruickshank|Ryder Davis|Paul Farber|Sierra Farber|Roger Ferreira|Armen Garo|Gilley Grey|Phil Hawn|Rick Kain|John F. Kennedy|Steven Koller|Pramod Kumar|Jennifer D. Lac Kamp|John Michael|Ryan Notch|MarieKaren Pechinski|Richard Rossi|Cico Silva|Larry Strauss|Ron A. Williams|Brad Yoder
tt0216216,Arnold Schwarzenegger|Michael Rapaport|Tony Goldwyn|Michael Rooker|Sarah Wynter|Wendy Crewson|Rodney Rowland|Terry Crews|Ken Pogue|Colin Cunningham|Robert Duvall|Wanda Cannon|Taylor Anne Reid|Jennifer Gareis|Don McManus|Steve Bacic|Christopher Lawford|Mark Brandon|Ellie Harvie|Don S. Davis|Chris Cound|Ben Bass|Walter von Huene|Robert Clarke|Michael Budman|Warren Takeuchi|Claudine Grant|Alexandra Castillo|D. Neil Mark|Colin Lawrence|Brian Jensen|Mark Gibbon|Crawford James|Hiro Kanagawa|Peter Kent|Gillian Barber|Mi-Jung Lee|Gerard Plunkett|Claire Riley|Andrew McIlroy|Norma Jean Wick|Paul Carson|Graham Andrews|Benita Ha|Andrea Libman|Kwesi Ameyaw|Greg Bronson|Gavin Buhr|Scoot DeVille|Victor Formosa|Ulla Friis|Anthony Harrison|Lowela Jotie|Ian Alexander Martin|Robert Musnicki|Melissa Panton|Kristen Ross|Jennifer Sterling|Marianne Wibberley
tt0156812,Luke Wilson|Frankie Muniz|Kevin Bacon|Diane Lane|Mark Beech|Susan Carol Davis|David Pickens|Bradley Coryell|Daylan Honeycutt|Cody Linley|Lucile Doan Ewing|Polly Craig|John Stiritz|Enzo|Moose|Caitlin Wachs|Elizabeth Rice|Nate Bynum|Stacie Doublin|William Butler|Winston Groom|Katherine Shoulders|Nathaniel Lee Jr.|Joann Blankenship|Hunter Hayes|Cannon Smith|Courtney Brown|Brian Witt|Clint Howard|Peter Crombie|Jerome Jerald|Jordan Williams|John M. Sullivan II|Stuart Greenwell|Harry Hood|Gordon Swaim|Owen Boutwell|Chaon Cross|Jim Fraiser|Graham Gordy|Michael Berkshire|Wayne Wimberly|Josh Yates|James Thweatt|Harry Connick Jr.|Emily D. Haley|Justin Mabry|Shayne Tingle
tt0198021,Natalie Portman|Ashley Judd|Stockard Channing|Joan Cusack|James Frain|Dylan Bruno|Sue McCormick|Keith David|Ray Prewitt|Laura House|Karey Green|Mary Ashleigh Green|Kinna McInroe|Laura Auldridge|Alicia Godwin|Dennis Letts|Richard Andrew Jones|Kathryn Esquivel|Mark Mathis|J.D. Evermore|Sally Field|Linda Wakeman|David Alvarado|Mark Voges|Angee Hughes|Todd Lowe|Margaret Hoard|Rodger Boyce|Gabriel Folse|Mackenzie Fitzgerald|Nataly Peña|Yvette Diaz|T.J. McFarland|Richard Nance|Tony Mann|John Swasey|Scarlett McAlister|Kylie Harmon|Cody Linley|Bob Coonrod|Heather Kafka|Angelina Fiordellisi|Cheyenne Rushing|Deborah Abbott|Alecia Batson|Stacy Bellew|Jeff Cooper|Rebecca Davis|Lisa Del Dotto|Jeremy Denzlinger|Dan Eggleston|Adrian Garza|Thalia Harithas|Susan Hegarty|Jim Henry|Molly Howe|R.C. Keene|K. Todd Lytle|Erica Mincks|Trevor Doyle Nelson|Katelin Petersen|Bobby Shue|Cassandra L. Small|Russell Towery|Chris Warner|Gena West|Jerry Wu|Jason C. Young
tt0223897,Kevin Spacey|Helen Hunt|Haley Joel Osment|Jay Mohr|Jim Caviezel|Jon Bon Jovi|Angie Dickinson|David Ramsey|Gary Werntz|Colleen Flynn|Marc Donato|Kathleen Wilhoite|Liza Snyder|Jeannetta Arnette|Hannah Leder|Tina Lifford|Loren D. Baum|Nico Matinata|Zack Duhame|Shawn Pyfrom|Alexandra Kotcheff|Bradley White|Christi Colombo|Phillip D. Stewart|Justin Parsons|Myeshia Dejore Walker|Brenae Suzanne Davey|Molly Bernard|Andrew Patrick Flood|Tameila N. Turner|Julian Correa|Carrie Sullivan|Patricia Deanda|Ryan Berti|Gabriela Rivas|Carrick O'Quinn|Stephanie Feury|Bernard White|Tom Bailey|Tim DeZarn|Jonathan Nichols|Ron Keck|John Powers|Bob McCracken|Frank Whiteman|Eugene Osment|Kendall Tenney|Sue Tripathy|Rusty Meyers|Leslie Dilley|Cynthia Ettinger|Joe Rampino|Stacy Bellew|Rebeca Cristian|Johnny Drocco|Jeremy Dunn|Sebastian Feldman|Ryan Keating|Lana Kinnear|Dustin Knouse|Vampiro
tt0219653,Gerard Butler|Christopher Plummer|Jonny Lee Miller|Justine Waddell|Vitamin C|Jennifer Esposito|Omar Epps|Sean Patrick Thomas|Danny Masterson|Lochlyn Munro|Tig Fong|Tony Munch|Jeri Ryan|Shane West|Nathan Fillion|Tom Kane|Jonathan Whittaker|Robert Verlaque|Randy Butcher|Bill Davidson|Peter Cox|Chris Lamon|Herb Reischl Jr.|Duncan McLeod|Wayne Downer|Robert Racki|William Prael|Kaaron Briscoe|Scarlett Huntley|Harold Short|David J. Francis|Shimmy Silverman|Antonio Echeverria|Peter Devaney Flanagan|Jeff Hanneman|Bill Heintz|Eric Santana Illarmo|Devin C. Lussier|Kelsey Matheson|Ed Mundell|Gary J. Tunnicliffe|Gerrold Vincent|David Wyndorf
tt0122459,David Duchovny|Minnie Driver|Carroll O'Connor|Robert Loggia|Bonnie Hunt|David Alan Grier|Joely Richardson|Eddie Jones|Jim Belushi|Marianne Muellerleile|William Bronder|Brian Howe|Chris Barnes|Adam Tanguay|Karson Pound|Tyler Spitzer|Laura Larsen|Austin Samuel Hibbs|Dick Cusack|Joseph Gian|Tom Virtue|Holly Biniak|Tamara Tungate|Thomas A. Senderak|Jennie Lew Tugend|David Pasquesi|Claire Lake|Carol Hunt|Patrick Hunt|Lindsay Allen|Don Lake|Holly Wortell|Becky Veduccio|Peter B. Spector|Darryl Warren|Rudy Gabor|William Zirko|Edward Ballog|Angelo Ricco|Alice Hunt|Franklin E. Jones|Tom Hunt|Jack Cooper|Tim O'Malley|La Taunya Bounds|Harry Teinowitz|Walt Jacobs|Alan Gresik|Romano Ghini|Gabriella Arena|Paola Sebastiani|Lilliana Vitale|Kevin Hunt|Jimmy Johnson|Lou Marini|John Otto|Bill Bartelt|Larry Crandus|Ari Golan|Lisa Harrison|Maureen Mendoza|Laura Orrico|Brian Patti|Lora Starkman|Justin Thaler
tt0228750,Meg Ryan|Russell Crowe|David Morse|Pamela Reed|David Caruso|Anthony Heald|Stanley Anderson|Gottfried John|Alun Armstrong|Michael Kitchen|Margo Martindale|Mario Ernesto Sánchez|Pietro Sibille|Vicky Hernández|Norma Martínez|Diego Trujillo|Aristóteles Picho|Sarahi Echeverria|Carlos Blanchard|Raúl Rodríguez|Mauro Cueva|Alejandro Cordova|Sandro Bellido|Miguel Iza|Roberto Frisone|Tony Vazquez|Claudia Dammert|Rowena King|Michael Byrne|Jaime Zevallos|Gilberto Torres|Flora Martínez|Laura Escobar|Marco Bustos|Jorge Medina|Gerard Naprous|Aleksandr Baluev|Dmitriy Shevchenko|Zbigniew Zamachowski|Said K. Saralijen|Óscar Carrillo|Pedro Martínez Laya|Wolframio Sinué|Alonso Alegría|Merlin Hanbury-Tenison|Stefan Gryff|Yolanda Vazquez|Tina Simmons
tt0181875,Billy Crudup|Frances McDormand|Kate Hudson|Jason Lee|Patrick Fugit|Zooey Deschanel|Michael Angarano|Anna Paquin|Fairuza Balk|Noah Taylor|John Fedevich|Mark Kozelek|Philip Seymour Hoffman|Liz Stauber|Jimmy Fallon|Olivia Rosewood|Bijou Phillips|Alice Marie Crowe|J.J. Cohen|Gary Kohn|Ray Porter|Mark Pellington|Eion Bailey|Terry Chen|Rainn Wilson|Erin Foley|Jesse Caron|Charles Walker|Jay Baruchel|Pauley Perrette|Peter Frampton|Zack Ward|Mitch Hedberg|Devin Corey|Pete Droge|Elaine Summers|Eric Stonestreet|Marc Maron|Shane Willard|Chris McElprang|John Patrick Amedori|Kate Peckham|Julia Decker|Brian Vaughan|Anthony Martelli|Zach Clairville|Ian Ridgeway|Isaac Curtiss|Chris Lennon Davis|Scott N. Stevens|Kevin Sussman|Reathel Bean|Tom Riis Farrell|Laura Bastianelli|Samuel Aaron Roberson|Brian Andreasen|Jared Hren|Mary Dragicevich|Aura Barr|Daniel Wilson|William Barillaro|Holly Maples|Matt Griesser|Susan Yeagley|Nicole Spector|Patrick Irmen|Nick Swardson|Cindy Weber|Kris Weber|Kimberly Weber|Kristin Weber|Samer Sourakli|Michelle Moretti|Ana Maria Quintana|Lisa Buchignani|William Mapother|Dan Andreiu|Tammy Blue|Chadney Brewer|Andrew Briedis|Greg Bronson|Mark Cirillo|Emmy Collins|Rebeca Cristian|Cindy Crowe|Wayne Doba|Bodhi Elfman|Mark J. Ferreri|David C. Fisher|Cole Fraley|Elizabeth Friedman|Kyle Gass|Michael Layman|Paul McMichael|Melissa Miller|Deirdre O'Brien|Louis E. Rosas|Eric Rosenberg|Shannon Saint Ryan|Nicki Sixteen|Casey Slade|Abraham Smith|Jimmy Star|Christine Vienna|Jann Wenner|Patrick Williams|Evis Xheneti
tt0146984,Will Smith|Matt Damon|Charlize Theron|Bruce McGill|Joel Gretsch|J. Michael Moncrief|Peter Gerety|Lane Smith|Michael O'Neill|Thomas Jay Ryan|Trip Hamilton|Dermot Crowley|Harve Presnell|Danny Nelson|Bob Penny|Michael McCarty|Carrie Preston|Turner Green|Blake King|Andrea Powell|John Bennes|Jonathan Ignatius Green|Shane Brown|J. Don Ferguson|E. Roger Mitchell|Leon Lamar|Charles Riffenburg IV|Cory Carbaugh|Charles Seabrook|Bilaal Salaam|Charles Ward|George Green|Julie Jones|Valanie Lang|Bernard Hocke|Dan Beene|Elliott Street|Wilbur Fitzgerald|Sonny Seiler|Joseph P. Reidy|Tannis Stoops|Dearing Paige Hockman|Erika Mounts|Neil Gonzaga|Ronald Steppe|Hugh Baggett|Jabulani Brown|Vijay Patel|Kirk Bair|Jon Drew|Jim Keisler|Jack Lemmon|Kendall McKnight|Todd Peterson|Jesse Scott Nelson|Todd Soley|Steven G. Trigg|Ray Wineteer|Kenneth Wonderley
tt0160009,Wesley Snipes|Anne Archer|Maury Chaykin|Marie Matiko|Cary-Hiroyuki Tagawa|Michael Biehn|Donald Sutherland|Liliana Komorowska|James Hong|Paul Hopkins|Glen Chin|Ron Yuan|Bonnie Mak|Uni Park|Erin Selby|Fernando Chien|Paul Wu|Noel Burton|Andrew Peplowski|Andrew Nichols|Mike Tsar|Steven P. Park|Yardly Kavanagh|Frank Schorpion|Freddy Bessa|Terry Simpson|Tony Calabretta|Fred Lee|Wei Feng Tang|Phong Doan Huy|Phil Chiu|Jeniene Phillips|Frank Cavallero|Michelle Sweeney|Richard Jutras|Jeff Ward|Ken Tran|Marlon Sterling Long|Zenhu Han|Danny Blanco Hall|Paul Stewart|Jason Cavalier|Tracey McKee|Toula Bassanoff|Michael Chan|Thai Son Doan|Barry Julien|Larry Lam|Christine Lan|Josée Laviolette|Johanne Marie|Michael Murphy|Sylvia Stewart|Angelo Tsarouchas
tt0208092,Benicio Del Toro|Dennis Farina|Vinnie Jones|Brad Pitt|Rade Serbedzija|Jason Statham|Alan Ford|Mike Reid|Robbie Gee|Lennie James|Ewen Bremner|Jason Flemyng|Ade|William Beck|Andy Beckwith|Jason Buckham|Mickey Cantwell|Nicola Collins|Teena Collins|Charles Cork|James Cunningham|Sorcha Cusack|Mickey Dee|Sam Douglas|Adam Fogerty|Goldie|Stephen Graham|Sid Hoare|Ronald Isaac|Chuck Julian|Dave Legeno|Eric Meyers|Jason Ninh Cao|Paul O'Boyle|Jimmy Roussounis|Sidney Sedin|Trevor Steedman|Yuri Stepanov|Peter Szakacs|John Taheny|Mick Theo|Andy Till|Velibor Topic|Scott Welch|Michael Hughes|Liam McMahon|James Warren|Austin Drage|Liam Donaghy|Joe Williams|John Farnell|Shaun Pearson|Dean Smith|Roy Snell|Tim Faraday|Andrew Shield|Alex Andreas|Dean Batchelor|Matthew Burlem|Sol Campbell|Elwin 'Chopper' David|Tom Delmar|Christopher Fosh|Stanley McBean|Tim Packham|Guy Ritchie|Peter Rnic|Andy Skinner|Kriss Sprules|Tony Tang
tt0163983,Kim Basinger|Jimmy Smits|Holliston Coleman|Rufus Sewell|Angela Bettis|Christina Ricci|Michael Gaston|Lumi Cavazos|Dimitra Arliss|Eugene Lipinski|Anne Betancourt|Ian Holm|Helen Stenborg|Matthew Lemche|Dan Warry-Smith|Elisabeth Rosen|Tony Del Rio|Nicole Lyn|Michael McLachlan|Jonathan Malen|Vince Corazza|David Eisner|Gary Hudson|Samantha O'Dwyer|Nicolas Salgado|Marcia Bennett|Peter Mensah|Yan Birch|Alexa Gilmour|Wanda-Lee Evans|Cedric Smith|Dwayne McLean|Brenda Devine|Lauren Spring|Christopher Redman|Jovanni Sy|Trevor Bain|Brian Heighton|Christopher Marren|Todd Schroeder|John Healy|Dylan Harman|David Sparrow|Michael Copeman|Neil Girvan|Carol Lempert|Kelvin Wheeler|Tony Meyler|Richard Carmichael|Roman Podhora|Dean Gabourie|Arnold Pinnock|Teresa Pavlinek|Jeffrey Caudle|Catherine Fitch|Neville Edwards|John Shepherd|Norma Edwards|Leeza Gibbons|Dan Duran|Sandi Stahlbrand|Mia Lee|Matt Birman|Meredith McGeachie|Henry Alessandroni|Austin Reed|Corrina Reed|Brianna Reed|Lori Berlanga|Philip Moran|Brian Steele|Jennifer Vey
tt0204626,James Spader|Marisa Tomei|Keanu Reeves|Ernie Hudson|Chris Ellis|Robert Cicchini|Yvonne Niami|Jenny McShane|Gina Alexander|Rebekah Nanfria|Joseph Sikora|Jillian Peterson|Michele DiMaso|Andrew Rothenberg|David Pasquesi|Dana Kozlov|Butch Jerinic|Marilyn Dodds Frank|Rebeca Arthur|Sheila Lahey|Jason Wells|Lisa Velten Smith|Erick Esteban|Mindy Bell|Ryan Oliver|Varen Black|Tamara Tungate|Erikka Yancy|Jennifer Anglin|Peter J. Reineman|Michael Nicolosi|Rich Komenich|Michael Guido|Janelle Snow|Joe Forbrich|Scott Benjaminson|Mike Bacarella|Nasi Glekas|Kyle Hillman|René Ketterer|Danny Lanham|Mark Lassise|Steve Lyke|Scott A. Martin|Maureen Mendoza|Joe Monaco|Eriq F. Prince|Brian Smyj|Joey Sylvester
tt0199725,Glenndon Chatman|Jess Willard|Chris Warren|Kyla Pratt|Alfre Woodard|Naykia Harris|Harry Lennix|Debbi Morgan|Dennis Haysbert|Sanaa Lathan|Omar Epps|Colleen Matsuhara|Al Foster|Nathaniel Bellamy Jr.|Regina Hall|Shar Jackson|Gabrielle Union|James DuMont|Christine Dunford|April Griffin|Boris Kodjoe|Erika Ringor|Kara Brock|Aichi Ali|Charles O'Bannon|Robin Roberts|Dick Vitale|Jimmy Lennon Jr.|Terry Cummings|Andre Bellinger|Monica Calhoun|Dion Basco|Marta Bou Morera|Marta Crespo|Raquel Hurtado|Jordi Clemente|Jesse Corti|Leticia Oseguera|Mar Castro|Yussi Wenger|Django C. Porter|Alberto de Almar|Paris H. Rooks|Julio Ledezma|Chick Hearn|Stu Lantz|Trevor Wilson|Rebecca Patterson|Tyra Banks|Steve Spencer|Lisa Barkin Oxley|Madison Duvernay|Nairobi Dickens|Sandra Von Embrigs|Yolanda Higgins|Wendy Levy|Sandra Pérez|Carla Houser|Marigold Clark|Marte Alexander|Sabrina Roberson|Audrey Gomez|Erica Jackson|Valerie Agee|Afton Thompson|Chevana Player|Lorna Monique Clemmons|Carenda Saunder|Chandra Cole|Shawnte Watson|Krystal Braden|Lakesha Willingham|Jenece Johnson|Erika Wilson|Sharon Vigne|Major Dennis|R. Lewis Blake|Jeff Coopwood|Gary Cruz|Tony Davis|Ahmad Enani|Roger Ferreira|Roshawn Franklin|Sunny Malick|Christie McNew|Gina Prince-Bythewood|Brad Everett Young
tt0146882,John Cusack|Iben Hjejle|Todd Louiso|Jack Black|Lisa Bonet|Catherine Zeta-Jones|Joan Cusack|Tim Robbins|Chris Rehmann|Ben Carr|Lili Taylor|Joelle Carter|Natasha Gregson Wagner|Shannon Stillo|Drake Bell|Laura Whyte|Sara Gilbert|Rich Talarico|Matthew O'Neill|Brian Powell|Margaret Travolta|Jillian Peterson|Dick Cusack|Susan Yoo|Chris Bauer|K.K. Dodds|Marilyn Dodds Frank|Duke Doyle|Aaron Himelstein|Jonathan Herrington|Daniel Lee Smith|Leah Gale|David Darlow|Erik Gundersen|Bruce Springsteen|Alex Désert|Alan S. Johnson|Ian Belknap|Andrew Micheli|Polly Noonan|Philip Rayburn Smith|Michele Graff|Susie Cusack|Liam Hayes|Damian Rogers|Robert A. Villanueva|Joe Spaulding|Scott A. Martin|Heather Norris|Harold Ramis|James Azrael|Beverly D'Angelo|Julie DiJohn|Jennifré DuMont|Mark Finney|Reese Foster|Lisa Harrison|Susan Hegarty|Ian Michaels|Tristan Layne Tapscott|Timothy W. Tiedje|Ian Williams
tt0229260,Kurt Loder|Chuck Scarborough|Bruce D. Reed|Jeffrey Donovan|Joe Berlinger|Sara Phillips|Lynda Millard|Deb Burgoyne|Andrea Cox|Lanny Flaherty|Pete Burris|Tristine Skyler|Stephen Barker Turner|Erica Leerhsen|Kim Director|Briton Green|Erik Jensen|Peggy K. Chang|Tony Tsang|Anja Baron|Kevin Murray|Keira Naughton|Lauren Hulsey|Ed Sala|Tyler Zeisloft|Richard Kirkwood|Justin Fair|Raynor Scheine|Brilane Bowman|Kennen Sisco|Robert M. Kelly|Dina Napoli|Landra Booker|Jacqui Allen|Sloane Brown|Roger Ebert|Karen Tsen Lee|Jay Leno|Conan O'Brien|Andy Richter|Heidi Burger|Heather Donahue|Brian Dragonuk|Armen Garo|Nasi Glekas|Cathy Haase|Oscar Haynes|Rick Kain|Joshua Leonard|Julie Mabry|Martin Pfefferkorn|Chad Ridgely|Ryan Slattery|Michael C. Williams
tt0131704,Rene Russo|Jason Alexander|Piper Perabo|Randy Quaid|Robert De Niro|June Foray|Keith Scott|Janeane Garofalo|Carl Reiner|Jonathan Winters|John Goodman|Kenan Thompson|Kel Mitchell|James Rebhorn|David Alan Grier|Norman Lloyd|Jon Polito|Rod Biermann|Don Novello|John Brandon|Harrison Young|Nigel Gibbs|Ed Gale|Phil Proctor|Dian Bachar|Drena De Niro|Mark Holton|Doug Jones|Jane Edith Wilson|Lily Gibson|Julia McAnuff|Adam Miller|Steve Rankin|Phillip V. Caruso|Brian T. Finney|Wesley Mann|Jeffrey Ross|Arvie Lowe Jr.|Chip Chinery|Ellis Williams|David Brisbin|Kristen Lowman|Myrna Niles|Jack Donner|Amanda Brookshire|Patric Brillhart|Jared Doud|Paget Brewster|Victor Raider-Wexler|Max Grodénchik|Eugene Alper|Alexis Thorpe|Taraji P. Henson|Larry Varanelli|Jennifer Austin|Michael Beardsley|Edward Beckford|Susan Berman|Dar Billingham|Robert Bundy|John Campion|Teresa Couch|Billy Crystal|Elwood Edwards|Corey Foxx|Whoopi Goldberg|Rick Kain|Jason Kakebeen|Chad Keller|Scott King|Johnny Luckett|Jeremy Maxwell|Danielle McKee|Paul McMichael|Christie McNew|Gary Pike|Tanya Raisa|Kelly Sells|Nicki Sixteen|Victor M. Slone|T.J. Thyne|Randy Woltz
tt0209144,Guy Pearce|Carrie-Anne Moss|Joe Pantoliano|Mark Boone Junior|Russ Fega|Jorja Fox|Stephen Tobolowsky|Harriet Sansom Harris|Thomas Lennon|Callum Keith Rennie|Kimberly Campbell|Marianne Muellerleile|Larry Holden|Buzz Visconti
tt0171580,Morgan Freeman|Renée Zellweger|Chris Rock|Greg Kinnear|Aaron Eckhart|Tia Texada|Crispin Glover|Pruitt Taylor Vince|Allison Janney|Kathleen Wilhoite|Elizabeth Mitchell|Susan Barnes|Harriet Sansom Harris|Sung Hi Lee|Laird Macintosh|Steven Gilborn|Jenny Gago|Sheila Kelley|Matthew Cowles|Wayne Tippit|George Wallace|Lesley Woods|Cynthia Martells|Alfonso Freeman|Kevin Rahm|Steven Culp|Deborah May|Max Murphy|Tina Smith|T.J. Kennedy|Irene Olga López|Steve Franken|Kelwin Hagen|Josh Dotson|Dona Hardy|Paul Threlkeld|José Vásquez|Jack Jacobson|Elaine Corral Kendall|Stacy Haiduk|Christopher McDonald|Greg Bronson|Rebeca Cristian|Michelle Carmen Gomez|Toby Linz|Hillary Straney|Jenny Wade
tt0184858,Ben Affleck|James Frain|Dana Stubblefield|Mark Acheson|Tom Heaton|Isaac Hayes|Michael Sunczyk|Douglas Arthurs|Dean Wray|Ron Sauvé|Ron Jeremy|Hrothgar Mathews|Charlize Theron|Clarence Williams III|Donal Logue|Danny Trejo|Gary Sinise|Dennis Farina|Gordon Tootoosis|Lee Jay Bamberry|Franklin Dennis Jones|Jimmy Herman|John Destry|Ashton Kutcher|Ana Paula Piedade|Enuka Okuma|Eva De Viveiros|Ron Perkins|Joanna Piros|Robyn Driscoll|Lonny Chapman|Alonso Oyarzun|Rod Wolfe|Marcus Hondro|Sam Bob|Jacob Rupp|David Jacox|Anna Hagan|Ken Camroux-Taylor|Terry O'Sullivan|Michael Puttonen|Paula Shaw|Don S. Williams|Jenafor Ryane|James Hutson|Wendy Noel|Blair Slater|Larry Lam|Govindini Murty
tt0120913,Matt Damon|Bill Pullman|John Leguizamo|Nathan Lane|Janeane Garofalo|Drew Barrymore|Ron Perlman|Alex D. Linz|Tone Loc|Jim Breuer|Christopher Scarabosio|Jim Cummings|Charles Rocket|Ken Hudson Campbell|Tsai Chin|Crystal Scales|David L. Lander|Thomas A. Chantler|Elaine A. Clark|Roy Conrad|Leslie Hedger|Roger Jackson|Shannon Orrock|Alex Pels|Eric Schniewind|Stephen Stanton|Espérance Pham Thai Lan
tt0249462,Jamie Bell|Jean Heywood|Jamie Draven|Gary Lewis|Stuart Wells|Mike Elliot|Billy Fane|Nicola Blackwell|Julie Walters|Carol McGuigan|Joe Renton|Colin MacLachlan|Janine Birkett|Trevor Fox|Charlie Hardwick|Denny Ferguson|Dennis Lingard|Matthew James Thomas|Stephen Mangan|Paul Ridley|Patrick Malahide|Barbara Leigh-Hunt|Imogen Claire|Diana Kent|Neil North|Lee Williams|Petra Siniawski|Merelina Kendall|Zoë Bell|Tracey Wilkinson|Merryn Owen|Adam Cooper|Dylan Barnes|Liam Elcoat|Martin L. Evans|Ferson|Adam Galbraith|Darren Jacobs|Hendrick January|Sharon Percy|Ken Richardson|Leonard Silver|Lee Smikle|Catherine Turgoose|Damian Winter-Higgins
tt0185183,John Travolta|Barry Pepper|Forest Whitaker|Kim Coates|Sabine Karsenti|Michael Byrne|Christian Tessier|Sylvain Landry|Richard Tyson|Christopher Freeman|John Topor|Shaun Austin-Olsen|Tim Post|Earl Pastko|Michel Perron|Michael MacRae|Todd McDougall|Derrick Damon Reeve|Jason Cavalier|Sean Hewitt|Andrew Albert|Alan Legros|Andy Bradshaw|Jim Meskimen|Robert Higden|Rejean Denoncourt|Tait Ruppert|Mulumba Tshikuka|Kelly Preston|Marie-Josée Croze|Nadine Corde|Russell Yuen|Andrew Campbell|Noel Burton|Craig Gauthier|Jared Labelle
tt0192731,Jennifer Morrison|Matthew Davis|Hart Bochner|Loretta Devine|Joey Lawrence|Anson Mount|Eva Mendes|Jessica Cauffiel|Anthony Anderson|Michael Bacall|Marco Hofschneider|Derek Aasland|Jacinda Barrett|Peter Millard|Chas Lawther|Chuck Campbell|Yani Gellman|Jeannette Sousa|Rory Feore|Shauna Black|Leland Tilden|Joel Gordon|David Cook|Bianca Muller|Jenny Kim|Nicole Crozier|Pat Kelly|Stephanie Moore|Kevin Hare|David Sparrow|Clare Preuss|Santo|Rebecca Gayheart|Christie McNew|Rana Morrison
tt0204175,Brendon Ryan Barrett|Gay Thomas Wilson|Raquel Beaudene|Claire Forlani|David Smigelski|Blake Shields|Freddie Prinze Jr.|Alyson Hannigan|Jason Biggs|Amanda Detmer|Sean Maysonet|John X|Tsianina Joelson|Kristofer Mickelson|Matt Carmody|Heather Donahue|Richard Hillman|Tim Griffin|Timi Prulhiere|Eric Rutherford|Matt Schulze|Monica|Angela Oh|Brian Poth|Mimi Rose|David Correia|Lisa Eichhorn|Lee Garlington|John Henry Redwood|Barbara Spiegel|Kylie Bax|Kristy Hinze|Ines Rivero|Renate Verbaan|Susan Kellermann|Timothy Anderson|Bryan Anthony|Sybil Azur|Albee Bautista|Dominic Carbone|Linda Cevallos|Tim Fournier|Leslie Geldbach|Marisa Gilliam|Tracie Hendricks|George Hubela|Carrie Ann Inaba|Rebecca Lin|Kimberly Lyon|Katie Miller|Diane Mizota|Chris Moss|Nancy O'Meara|Tracy Phillips|Kelleia Sheerin|Susie Shoemaker|Tim Stevenson|Jenna Stewart|Becca Sweitzer|Jessica Tarazona|Alysha Wheeler|Zachary Woodlee|Jason Yribar|James Cotner|M.G. Cross|Sabrina Culver|Mike DiGiacinto|Michael Eliopoulos|James Howell|Cal Nguyen|Dayna Price|Damon Williams|Evis Xheneti
tt0186975,Freddie Prinze Jr.|Julia Stiles|Selma Blair|Shawn Hatosy|Zak Orth|Ashton Kutcher|Rosario Dawson|Henry Winkler|Lucie Arnaz|Lauren German|Zay Harding|Amanda Barfield|Chloe Hunter|Granger Green|Jed Rhein|Joseff Stevenson|Bradley Pierce|Elizabeth Levin|Lola Glaudini|Robin Nance|Mary Wigmore|Alexia Landeau|Caroline Ambrose|Adam Carolla|Jimmy Kimmel|Jason Bailey|Jennifer Albano|Chris Desmond|Susan Blommaert|Julian Michael Caiazzo|Jerry Careccio|Chloe Beardman|Frank Wood|Joanna Adler|Mimi Langeland|Elizabeth Page|Mark Blum|David Logan|Joanna Myers|Richard Galella|Michael J. Conti|David Vincent Bobb|Ian Dite|Jim Hechim|Craig McCoy|Exile Ramirez|Robert Reins|Ben Ryan|Jane Scarlett
tt0185014,Michael Douglas|Tobey Maguire|Frances McDormand|Robert Downey Jr.|Katie Holmes|Rip Torn|Richard Knox|Jane Adams|Michael Cavadias|Richard Thomas|Alan Tudyk|Philip Bosco|George Grizzard|Kelly Bishop|Bill Velin|Charis Michelsen|Yusuf Gatewood|June Hildreth|Elisabeth Granli|Richard Hidlebird|Screamer|Bingo O'Malley|Patricia Cray|Marita Golden|Victor Quinaz|James Ellroy|Lenora Nemetz|Tracey D. Turner|James Kisicki|Rob McElhenney|Anika Bobb|Katherine Sweeney|Lucia M. Aguirre|Tony Amen|Katrina M. Faessel|John W. Iwanonkiw|Sean King|David Lean|Amber Mariano|Robert James McMichael|Jackson Nunn|Sandy Slicker|Karinzo Thompson
tt0245280,Michael Jordan|Phil Jackson|Doug Collins|Bob Greene|Bob Costas|Dean Smith|Deloris Jordan|Fred Lynch|Walter Iooss Jr.|Bill Murray|Laurence Fishburne|David Falk|Ken Griffey Jr.|Johnny Kerr|Steve Kerr|Spike Lee|Willie Mays|Stan Musial|Jack Ramsay|Ahmad Rashad|Pat Riley
tt0218839,Jay Brazeau|Parker Posey|Michael Hitchcock|Catherine O'Hara|Eugene Levy|Carrie Aizley|Lewis Arquette|Dany Canino|Bob Balaban|Will Sasso|Stephen E. Miller|Christopher Guest|Michael McKean|John Michael Higgins|Colin Cunningham|Jehshua Barnes|Patrick Cranshaw|Jennifer Coolidge|Don Lake|Scott Williamson|Deborah Theaker|Rachael Harris|Jane Lynch|Fulvio Cecere|Linda Kash|Larry Miller|Ed Begley Jr.|Cody Greg|Teryl Rothery|Tony Alcantar|Camille Sullivan|Dave Cameron|Lynda Boyd|Madeleine Kipling|Merrilyn Gann|Andrew Johnston|Malcolm Stewart|Jay-Lyn Green|Fred Willard|Jim Piddock|Earlene Luke|Carmen Aguirre|Harold Pybus|Hiro Kanagawa|Cleo A. Laxton|Corrine Koslo|Andrew Wheeler|Don Emslie|Don S. Davis|Steven M. Porter|Melanie Angel|Doane Gregory|Can. Ch. Arokat's Echobar Take Me Dancing|Can. Ch. Urchin's Bryllo|Ch. Quiet Creek's Stand By Me|Can. Ch. Raptures Classic|Can. Ch. Symarun's Red Hot Kisses|Brocade Exclamation|Can. Ch. Exxel Dezi Duz It With Pizaz|Fred Keating|Peter Kelamis|Patrick Stark|Greg Anthony|Ian Alexander Martin|Steven Pollard
tt0208874,Gary Oldman|Joan Allen|Jeff Bridges|Christian Slater|Sam Elliott|William Petersen|Saul Rubinek|Philip Baker Hall|Mike Binder|Robin Thomas|Mariel Hemingway|Kathryn Morris|Kristen Shaw|Douglas Urbanski|Noah Fryrear|Angelica Page|Joseph Lyle Taylor|Kevin Geer|Doug Roberts|Bev Appleton|Sandra Register|Anthony Booth|Andrew C. Boothby|Irene Ziegler|Del Driver|Sean Pratt|Bill Bevins|Ed Sala|Kirk Penberthy|Justin Dray|David Laubacher|David Bridgewater|Kevin Grantz|Michael Kennedy|David Londoner|Billy Dye|Larry King|Amit Mehta|Greg Cooper|J. Scott Shonka|Scoot Powell|Catherine Shaffner|Stan Kelly|William L. Chandler|Liz Marks|Robert Harvey|Steve Hurwitz|Ricardo Miguel Young|Sherri Richmond|Teresa Jones|Lynn West|Dave Guertler|Michael Goodwin|Heather Rosbeck|Roderick Jimenez|Donald 'Spec' Campen Jr.|Justin Lewis|Fred Iacovo|Dawn Westbrook|Jolene Carroll|Genia Lear Morgan|Ryan Cafeo|Ashly Covington|David Cureton|Kimberly Dimaiwat|Louis Ferreira|David Foster|Lucas N. Hall|Rodney J. Hobbs|Mark Hyde|Raymond H. Johnson|Rick Kain|Michael Stanton Kennedy|Gerard Malbrough|Denis Maloney|Caryn Mower|Robert Shepherd|Cynthia Webb|Joseph M. West Jr.
tt0199753,Val Kilmer|Carrie-Anne Moss|Tom Sizemore|Benjamin Bratt|Simon Baker|Terence Stamp|Jessica Morton|Caroline Bossi|Bob Neill|Neil Ross
