IMDbId,keywords
tt0052357,romantic-obsession|1950s|deception|vertigo|death|nervous-breakdown|mysterious-woman|fear-of-heights|mental-breakdown|actress-playing-multiple-roles|acrophobia|san-francisco-bay|police-detective|church|reliving-the-past|private-detective|melancholy|look-alike|murder-of-wife|haunted-by-the-past|confession|cemetery|plot-twist|dual-role|tragic-event|private-eye|impersonation|betrayal|romantic-longing|redwood-forest|hotel-manager|hoax|following-someone-in-a-car|flashback|dolly-zoom|unmailed-letter|deceit|golden-gate-bridge|murder|falling-from-height|obsession|bell-tower|makeover|adultery|damsel-in-distress|roof-chase|rooftop-chase|paranoia|older-man-young-girl-relationship|transformation|bodily-possession|graveyard|lost-love|rescue-from-drowning|san-francisco-california|famous-score|based-on-novel|blond-wearing-a-grey-suit|husband-wife-relationship|vertigo-shot|age-difference|older-man-younger-woman-relationship|mission|man-fainting|film-noir-in-color|actress-playing-dual-role|memory|manipulation|businessman|woman-crying|wandering|spanish-mission|shipping-company|new-dress|new-clothes|neurotic|mirror|jewelry|husband-murders-wife|gravestone|female-crying|fainting|fainting-man|ex-fiance-ex-fiancee-relationship|ex-fiancee|driving-a-car|crying|bouquet|bookshop|art-museum|apartment|apartment-building|reference-to-mozart|policeman|police-officer|livery-stable|following-someone|feeling-dizzy|dyed-hair|dizziness|corset|character-says-i-love-you|being-followed|being-followed-in-car|alcoholic-drink|foreign-language-adaptation|ends-with-death|souvenir-of-murder|tree-trunk|leitmotif|concealed-nudity|man-in-love|surrealism|orchestral-music-score|throwing-flowers-in-water|one-word-title|imagery|technicolor|guilt|friendship|commercial-artist|color-motif|portrait-painting|california|stairwell|stable|animated-sequence|psychiatric-hospital|flower-shop|private-club|mistaken-identity|necklace|phobia|hair-salon|dream-sequence|spiral|men's-club|tea-dance|bookstore|painting|hotel|loss-of-wife|inquest|rooftop|clothing-store|bachelor|surveillance|grave|impostor|museum|accidental-death|police-chase|nosegay|eye|nun|fetish|meta-film|death-obsession|title-spoken-by-character|surprise-ending|police|rescue|college-friend|shipbuilder|hair|girl-in-bathrobe|romantic-triangle|identity-crisis|cult-film|chase-on-roof|close-up-of-eyes|woman-with-glasses|flower-in-water|conversation-in-car|church-bell|bolt-upright-after-nightmare|self-destructiveness|may-december-romance|retirement|police-officer-killed|artist|tree|stool|step-stool|skeptic|skepticism|riding-in-car|female-tears|cul-de-sac|cigarette-smoking|bra|alley|wooden-horse|reference-to-jack-the-ripper|reference-to-coca-cola|26-year-old|femme-fatale|voice-over-narration|unrequited-love|dirty-old-man|trance|shipyard|forest|flower|restaurant
tt0052311,mexican|border|investigation|evidence|honeymoon|police|law|drugs|mexico-city|motel|murder|shoe|policeman|los-robles|justice|hotel|fortune-teller|drinking|corruption|kidnapping|dynamite|drug-dealer|brothel|car-bomb|police-corruption|police-procedural|written-and-directed-by-cast-member|actor-director-writer|wig|whiskey|voice-tracking|vice-squad|underwear|uncle-nephew-relationship|turkey-ranch|toupee|time-bomb|throwing-acid|telephone-call|tarot-card|tape-recorder|suicide|strip-club|street-life|spanish|sleeplessness|sleepless-night|shooting|shoe-with-severed-foot-in-it|shoe-store-clerk|shadow|severed-foot|secret-marriage|rape|ranch|radio|prostitution|police-chief|police-car|player-piano|planted-evidence|pigeon|photograph|photographer|older-man-younger-woman-relationship|oil-well|oil-field|obsession|nightclub|narc|narcotics-investigation|money|mirror|matador|marriage|marijuana|love-letter|letter|lesbian-subtext|kiss|jukebox|jail|interracial-relationship|interracial-marriage|idealist|husband-wife-relationship|hotel-lobby|heroin-fix|hand-cart|gypsy|gunfight|goat|gangster|gang-rape|friend|forced-drug-use|following-someone|flashlight|fire-escape|fight|father-son-relationship|father-daughter-relationship|family-relationships|face-slap|explosive|ex-convict|eavesdropping|drunkenness|drug-use|drug-deal|drink|death|dancing|dancer|convertible|construction-crew|construction-company|cigar-smoking|chili|chase|chain-lock|candy-bar|camera|cabin|bridge|border-crossing|blood|bigotry|bar|score-influenced-by-popular-music-styles|tracking-shot|venice-california|long-take|trap|strangulation|police-detective|mixed-marriage|loyalty|intuition|gun|gang|explosion|conspiracy|betrayal|acid|femme-fatale|mexican-american-border|famous-score|based-on-novel|alcoholic|homoerotic-subtext|corrupt-cop|shoebox|cabaret|brother-brother-relationship|bordertown|bomb-in-trunk-of-car|blind-woman|bead-curtain|barroom-brawl|music-score-features-brass-instruments|wrongful-arrest|stripper|racism|newlywed|mexican-american|lawyer|heroin|gunfire|friendship|district-attorney|cane|blackmail|psycho-cop|prejudice|famous-entrance|cult-film|frame-up|wiretap|switchboard|limp|limping|jalopy|crook|cover-up|bugging
tt0051380,cult-film|b-movie|alien|revenge|woman|giant|1950s|chrysler-imperial|nurse|upskirt|stockings|cigarette-smoking|kidnapping|husband-wife-relationship|giant-woman|giant-footprint|sexy-dance|romantic-triangle|prospector|philanderer|mental-patient|jitterbug|deputy-sheriff|crushed-to-death|butler|unfaithful-husband|rampage|monster|extramarital-affair|satellite|radiation-induced-growth|psychotronic|number-in-title
tt0051378,rope|murder|german|alibi|thief|revolver|mistress|mercedes|drink|captain|businessman|arms-dealer|telephone-operator|motel|elevator|expectation-versus-reality|neo-noir|euro-noir|bare-chested-male|nouvelle-vague|french-new-wave|french-noir|irony-of-fate|newspaper-headline|sleepless-night|murder-disguised-as-suicide|offscreen-killing|jazz-score|passionate-love|love-triangle|title-same-as-book|character-says-i-love-you|jazz-music|weekend|mercedes-300-sl|mercedes-coupe|voice-over-inner-thoughts|unfaithfulness|thunder|theft|telephone-call|talking-to-self|suspense|suicide-attempt|stealing|stealing-a-car|sidewalk-cafe|shooting|security-guard|scaling-side-of-building|salesgirl|refrigerator-business|reference-to-rommel|reference-to-goethe|recording|record-player|reckless-driving|rear-ending-a-car|rain|raincoat|prostitute|police|policeman|police-station|police-siren|police-investigation|pocket-knife|pinball-machine|pills|photograph|photographer|phone-booth|pay-phone|passion|parking-ticket|oil|oil-pipeline|oil-business|north-africa|night-watchman|newspaper|murder-of-husband|motorcycle|motor-scooter|motel-desk-clerk|mistaken-identity|miniature-camera|locked-inside-apartment|locked-gate|leather-jacket|knife|kiss|key|journalist|investigation|interrogation|interior-monologue|infidelity|illegally-parked-car|husband-wife-relationship|gun|grappling-hook|gloves|girl|geneva-switzerland|gate|gardenal|garage|friend|friendship|french-indochina-war|french-foreign-legion|following-someone|florist|flash-camera|extramarital-affair|ex-paratrooper|drinking|dressing|door-key|death|death-of-husband|croissant|confession|coincidence|coffee|climbing|cigarette-smoking|cigarette-lighter|cigar-smoking|chess|champagne|car-theft|car-chase|camera|black-cat|bar|bartender|algiers-algeria|algeria|paris-france|war-hero|pencil-sharpener|flower-shop|famous-score|double-suicide|developing-a-photograph|trapped-in-an-elevator|sleeping-pill|fake-suicide|feature-film-directorial-debut|carjacking|1950s|adultery|love|elevator-shaft|based-on-novel
tt0051792,landlord|storm|one-word-title|spider|flashback|stubbornness|music-lover|upstart|told-in-flashback|opulence|money-lender|modernization|master-servant-relationship|luxury|horse|hookah|generator|falling-off-horse|elephant|drowning|domestic-servant|dancing|class-conflict|chandelier|aristocrat|aristocracy|based-on-novel
tt0051459,refusing-to-have-sex|homosexuality|football|cancer|ex-football-player|lawyer|mississippi|crutches|athlete|marriage|doctor|alcoholic|birthday|last-will-and-testament|gay-subtext|woman-takes-off-stocking|piano-playing|father-and-son-talk|overbearing-father|family-gathering|terminal-cancer|domineering-father|food-thrown-into-someone's-face|eating-ice-cream-with-fingers|leg-in-a-cast|plaster-cast|cigar|hypodermic-needle|whiskey|dressing-gown|drunk-driving|loss-of-friend|argument|cellar|thunderstorm|terminal-illness|grandfather|drinking-problem|little-girl|little-boy|birthday-cake|southern-u.s.|tycoon|private-plane|athletic-field|document|broken-ankle|one-day|hat|thirty-something|man-crying|pretending-to-be-pregnant|faked-pregnancy|announcement-of-pregnancy|unhappy-marriage|marriage-problems|female-stockinged-legs|nylon-stockings|removing-nylon-stocking|stockings|ice-cream|cap-gun|toy-gun|corporate-lawyer|nickname|sexual-frustration|conception|bare-chested-male|trying-to-get-pregnant|wanting-a-baby|memphis-tennessee|lingerie-slip|seduction|lie|controversy|uncle-niece-relationship|uncle-nephew-relationship|mother-son-relationship|mother-in-law-daughter-in-law-relationship|father-in-law-daughter-in-law-relationship|family-relationships|brother-brother-relationship|aunt-niece-relationship|aunt-nephew-relationship|pregnant-sister-in-law|marital-reconciliation|wealth|rainstorm|party|loyalty|hero-worship|friendship|drunkenness|drug|disease|depression|children|pregnancy-issue|reconciliation|southern-gothic|southern-belle|sports-announcer|morphine|football-team|football-player|convertible|reflection|obsession|greed|family-secret|dysfunctional-marriage|alcoholism|dysfunctional-family|suitcase|storm|singing|pregnancy|mansion|maid|love-hate|jealousy|inheritance|husband-wife-relationship|hurdles|grandchild|destruction|crutch|change|cake|birthday-party|gay-interest|homosexual-subtext|patriarch|father-son-relationship|basement|american-football|airport|homosexual-jock|based-on-play
tt0051658,parisian|playboy|scandal|song|1900s|forename-as-title|ingenue|cooking|reference-to-the-eiffel-tower|party|caramel|paris-opera|devil-costume|masqued-ball|sneezing|flowers|montage|riding-a-horse-indoors|giving-a-toast|reference-to-aida-the-opera|telephone-call|telephone|newspaper|newspaper-headline|saying-goodbye|money|being-watched|watching-someone|horseless-carriage|binoculars|reference-to-victor-hugo|barber|pouring-a-drink-down-the-front-of-someone's-dress|dancer|lighting-someone's-cigar|gossip|talking-to-the-camera|drink|drinking|ice-skating|kiss|marriage|french|cat|boredom|wealth|uncle-nephew-relationship|opera-singer|little-girl|girl|umbrella|maxim's-restaurant-paris|singing|singer|bois-de-boulogne-paris|teenage-girl|park|memory|husband-wife-relationship|horse-and-carriage|grandmother-granddaughter-relationship|cigar-smoking|bathtub|aunt-niece-relationship|one-word-title|foreign-language-adaptation|reference-to-napoleon|hidden-character|blockbuster|paris-france|ice-rink|ennui|gigolo|courtship|break-up|bachelor|restaurant|courtesan|boulevardier|cheating-at-cards|shaving|class-differences|sugar-tycoon|suicide-attempt|beach|makeover|coming-of-age|sophisticated-comedy|womanizer|champagne|etiquette|face-slap|marriage-proposal|cafe|cheating-on-boyfriend|france|dancing|eiffel-tower-paris|gift|jewelry|breaking-the-fourth-wall|based-on-play|based-on-novel|character-name-in-title
tt0051308,winchester-rifle|widower|rifle|single-father|cowboy-hat|cowboy-boots|cowboy|two-word-title|repeating-rifle|family-relationships|u.s.-marshal|rifleman|recovering-alcoholic|outlaw|horse-riding|farm|civil-war-veteran|cattle-raiser|1880s|father-son-relationship
tt0051247,detective|private|number-7-in-title|digit-in-title|los-angeles-california|street-in-title|lieutenant|address-as-title|thief|teams|switch-board|song|revue|racetrack|parking|officer|law|language|jewel|hollywood|glamour|french|expert|agent|number-in-title
tt0051565,dunkirk|evacuation|operation-dynamo|escape|year-1940|soldier|british-military|uniform|english-channel|survival|reporter|death|dunkirk-france|strafing|beach|flanders|world-war-two|title-spoken-by-character
tt0051327,sawed-off-rifle|bounty-hunter|spin-off|civil-war|civil-war-veteran|1870s|apache-territory|new-mexico|new-mexico-territory|mexican-rurale|reference-to-billy-the-kid|reference-to-tombstone-arizona|flagstaff-arizona|tucson-arizona|apache|territory|arizona-territory|prison|yuma-arizona|yuma-prison|arizona|lynching|prisoner|state-penitentiary|bank-robbery|killer|stagecoach|church|cigarette|lawman|outlaw|robbery|murderer|tucson|reward|gunfighter|apache-indian|poster|deputy|sheriff|justice|army-deserter|indian|missing|jail|capture|american-civil-war-veteran|warrior|anti-hero|gunslinger|cult-tv
tt0051622,fly|teleportation|scientist|inspector|boy|atom|police-inspector|crushed-to-death|cat|screaming|redheaded-woman|spiderweb|siren-the-alarm|computer|first-part|creature-feature|lifting-a-female-into-the-air|anger|genetic-abnormality|freak|research|pet-cat|maid|hysteria|physician|corpse|factory|murder|blood|punch-press|croquet|ambulance|montreal-quebec-canada|police-car|destruction|repulsion|garden|despair|revulsion|anxiety|shock|butterfly-net|brother-brother-relationship|lifting-an-adult-into-the-air|ham-radio|table|20th-century|child|pleading|remade|lifting-someone-into-the-air|horror-movie-remade|animal-in-title|widow|uncle-nephew-relationship|scar|playing-god|loss-of-pet|loss-of-husband|fire|father-son-relationship|death-of-title-character|flashback|screaming-in-fear|loss-of-father|loss-of-brother|guinea-pig|ballet|based-on-short-story|french-canadian|crushed-head|tragedy|chalkboard|basement-laboratory|told-in-flashback|laboratory-accident|husband-wife-relationship|giant-insect|disembodied-voice|typewriter|sugar|nurse|milk|flyswatter|fainting|blackboard|axe|marriage|meal|experiment|monster|bottle|suspected-murder|mutation|arrest-warrant|police-officer|wedding-gift|chess|laboratory|hydraulic-press|botched-teleportation|insect|science|spider|assisted-suicide|plate|title-spoken-by-character
tt0052365,warrior|princess|brother-versus-brother|damsel-in-distress|epic-battle|sword-and-shield|disarming-someone|war-violence|paganism|reference-to-god|sword-duel|duel|bow-and-arrow|shot-with-a-bow-and-arrow|castle|siege|sea-battle|severed-hand|father-son-relationship|attempted-rape|eye-injury|murder|sword-fight|kidnapping|funeral-pyre
tt0052151,submarine-movie|submarine|underwater|u.s.-military|ship's-crew|submarine-crew|naval-uniform|captain-tyrannical|crew|destroyer|sea|morse-code|tension|concussion|blackout|garbage|burial-at-sea|death|underwater-explosion|depth-charge|uniform|u.s.-navy|navy-ship|naval|repetition-in-title|naval-battle|epiphany|torpedo|navy|world-war-two|ocean|1940s|based-on-novel|run-silent-run-deep
tt0054557,horse|talking-horse|man-horse-relationship|talking-to-a-horse|palomino|sitcom|talking-animal|horse-riding|character-name-in-series-title|celebrity-guest|blonde|twin-beds|los-angeles-california|father-in-law-son-in-law-relationship|accident-prone|based-on-short-story|architect|stable|childless-couple|neighbor|1960s|equestrian|rider-horse-relationship|funny-horse|animal-actor|animal|horse-actor
tt0052225,nurse|love|u.s.-navy|hospital|frenchman|pacific-island|1940s|beefcake|based-on-stage-musical-based-on-book|70mm-film|based-on-short-stories|racism|widower|song|singing|singer|dancing|dancer|washing-hair|u.s.-sailor|tragic-event|star-crossed-lovers|shampoo|secret-mission|prejudice|mother-daughter-relationship|little-rock-arkansas|kiss|father-son-relationship|father-daughter-relationship|death|dame|based-on-stage-musical|bare-chested-male|cross-dressing|tropical-island|shower|profiteering|plantation|optimism|laundry|fugitive|forbidden-love|boar's-tooth|bali-hai|tony-award-source|blockbuster|racial-stereotype|polynesia|xenophobia|world-war-two|interracial-relationship|pulitzer-prize-source|based-on-book
tt0051267,sitcom|housewife|female-protagonist|husband-wife-relationship|family-relationships|brother-sister-relationship|marriage|doctor|mother-son-relationship|father-daughter-relationship|sibling-rivalry|mother-daughter-relationship|father-son-relationship|actor-shares-first-name-with-character
tt0051878,sweating|sweat|sexual-tension|class-differences|small-town|love-hate|barn|ambition|mississippi|season-in-title|bare-chested-male|father-son-relationship|tugboat|hitchhiker|general-store|butler|barge|ambulance|melodrama|father-daughter-relationship|family-relationships|wild-horse|widower|teacher|southerner|mistress|marriage|farmer|false-accusation|confidence-man|arson|arranged-marriage|southern-gothic|dysfunctional-family|uninvited-guest|strife|social-class|sharecropper|scandal|love|landowner|forbidden-love|drifter|battle-of-the-sexes|patriarch|based-on-novel
tt0051337,sword-and-sandal|arabian|princess|magician|sinbad|island|magic|caliph|escape|cyclops|expedition|ship|sailing|voyage|prison|monster|sultan|friends-who-live-together|sexy-woman|brunette|cleavage|magical-lamp|force-field|human-becoming-an-animal|arabian-nights|magical-potion|mesopotamia|shield|swashbuckler|opening-action-scene|sword-and-fantasy|fire|mist|death|captive|storm|sword|fistfight|magic-spell|harem-girl|harem|gong|turban|jewels|drowning|footprint|food-supply|fruit|creature|sea|fog|evil-man|stop-motion-scene|number-7-in-title|mythology|digit-in-title|monster-versus-monster|fire-breathing|fight-to-the-death|shrinking|heroic-captain|cobra|baghdad-mesopotamia|eye-injury|two-headed-creature|treachery|sailor|sailing-ship|prisoner|parrot|evil-sorcerer|crushed-to-death|convict|cave|bridge|legend|sorcerer|islam|skeleton|animal-attack|sea-captain|crossbow|prophecy|eaten-alive|fiancee|cage|miniaturization|dragon|prince|snake|extortion|cavern|beach|famous-score|palace|sword-fight|curse|treasure|man-eating-monster|lava|mutiny|giant|genie|giant-animal|giant-bird|number-in-title|character-name-in-title|egg
tt0051818,singer|nightclub|busboy|high-school|crime-boss|delinquent|kiss-on-the-lips|criminal|pier|accidental-shooting|dying-words|19-year-old|taxi|nightclub-owner|woman-shot|pistol|nursing-back-to-health|arm-bandage|stabbed-in-the-arm|surgeon|rock-'n'-roll|hit-with-a-chair|backstage|teen-romance|knife-fight|stabbed-in-the-chest|back-alley|single-father|widower|ferry|store-clerk|alley|knife|african-american|gumbo|rain|drugstore|boyfriend-girlfriend-relationship|new-job|food-cart|apartment|balcony|aspiring-singer|hit-on-the-head|juvenile-delinquent|busking|knocked-out|waitress|older-man-younger-woman-relationship|older-woman-younger-man-relationship|high-school-dropout|high-school-student|teenage-boy|teenage-protagonist|two-word-title|shot-to-death|gunshot|father-daughter-relationship|reference-to-enrico-caruso|father-son-relationship|school-principal|punched-in-the-face|brother-sister-relationship|horse-and-carriage|blood|anger|city-park|blackmail|tears|doctor|mugging|hospital|thug|audience|dressing-room|acoustic-guitar|performer|marquee|bartender|job-offer|shoplifting|pharmacist|teenage-gang|bar|stripper|music-band|scam|unemployment|switchblade|guitarist|street-vendor|prostitute|face-slap|riverboat|stage|applause|hoodlum|singing|mild-violence|violence|brawl|fistfight|black-belt|karate-chop|karate|1950s|cult-film|new-orleans-louisiana|street-gang|gang|pharmacy|teenager|young-love|based-on-book|based-on-novel
tt0051411,foreman|rancher|sea-captain|cattle|ranch|long-john-underwear|hairy-chest|rural-setting|code|death|binoculars|search|rope|rejection|shotgun|beating|coral|bronco|captive|revenge|lasso|rifle|whip|gunshot|knife|school-teacher|six-gun|buggy|passenger|saloon|village|suspense|coward|shot-to-death|blood|struggle|document|stampede|encampment|house-party|livery-stable|lookout|face-slap|rival|love-triangle|punched-in-the-face|campfire|oil-lamp|held-at-gunpoint|hands-up|prostitute|hotel|rivalry|humiliation|little-boy|ranch-hand|bandana|horse-and-wagon|frontier-town|trap|ravine|deed|horseback|cottage|tears|catfish|ruins|map|escape|greed|compass|dancing|anger|hiding|shack|badlands|landscape|mountain|mexican|servant|crying|chaps|stagecoach|gun-duel|father-daughter-relationship|father-son-relationship|damsel-in-distress|cowboy-boot|romantic-triangle|gunfight|shootout|showdown|violence|gun-battle|ambush|honorable-villain|winchester-rifle|repeating-rifle|lust|female-removes-her-clothes|pistol-duel|musket|flintlock-pistol|six-shooter|colt-45|revolver|bare-knuckle-boxing|pistol|fast-draw|blonde|brunette|saddle|outlaw|cowboy-and-outlaw|cowboy-hat|cowboy-boots|cowboy-shirt|cowboy|horse-chase|chase|bully|bully-comeuppance|comeuppance|bare-chested-male|water-rights|party|canyon|search-party|kidnapping|horse|fistfight|duel|broken-engagement|spit-in-the-face|vendetta|river|attempted-murder|family-feud|cowardice|utah|attempted-rape|based-on-book
tt0052744,tuberculosis|artist|medical|based-on-play
tt0051418,blob|doctor|meteorite|teenager|alien|policeman|old-man|monster|police|based-on-supposedly-true-story|psychotronic|drive-in-classic|two-word-title|remade|horror-movie-remade|friend|the-end?-title-card|teen-hero|runaway|fire|acid|film-within-a-film|panic|driving-backwards|cellar|night|monster-movie|eaten-alive|toy-gun|disbelieving-authorities|disbelieving-adult|stop-motion-animation|rifle|power-line|police-officer|nurse|gun|firefighter|fire-extinguisher|dog|doctor's-office|boyfriend-girlfriend-relationship|movie-theatre|diner|b-movie|cult-film|film-break|actor-shares-first-name-with-character|surprise-ending
tt0051948,fish|professor|gamma-rays|fingerprints|campus|university|neanderthal|suicide-by-cop|regression|plasma|pipe|microscope|life-mask|laboratory|hypodermic|homicide-detective|german-shepherd|forest-ranger|evolution|dragonfly|co-ed|axe|amnesia|coelacanth-fish|transformation|dog|scientist|paleontology|monster|man-beast|giant-insect|orchestral-music-score|rabies|mutant|prehistoric-times
tt0051554,vampire|dracula|castle|journal|librarian|romania|19th-century|garlic|diary|1880s|sunlight|race-against-time|blood-transfusion|master-vampire|cross|vampire-slayer|based-on-novel|count|ring|costume-horror|lust|fireplace|fear|first-part|gothic-horror|transfusion|fainting|mortician|wooden-stake|undead|darkness|horse-and-carriage|gore|superstition|inn|bite-mark|blood|teeth|supernatural|guest|mansion|voice-over|literary-adaptation|wine-cellar|turned-into-dust|female-vampire|child-in-peril|orchestral-music-score|villain-played-by-lead-actor|death-of-title-character|cross-protects-against-evil|vampire-bat|real-estate|professor|lawyer|fiancee|eccentric|british|evil-power|mysterious-villain|vixen|villain|villainess|village|vampirism|vampire-hunter|vampire-bite|transylvania|sun|stabbed-to-death|stabbed-in-the-heart|sexual-predator|sexual-awakening|psychopath|good-versus-evil|cult-figure|cult-film|coffin|character-name-in-title|crucifix|victorian-era
tt0051311,beat|bare-chested-male|sea
tt0052141,triplets|star|quintuplets|mexico|marriage|physical-comedy|newborn-baby|shotgun-wedding|italian-american|barber|wedding|toddler|rescue|pregnancy|parenthood|nanny|large-family|friendship|flashback|farce|death|childbirth|car|bullfight|bachelor|remake
tt0051994,titanic|lifeboat|iceberg|steerage|north-atlantic|first-class|ice|weather|new-york-city|steamship|ocean-liner|sea|disaster|disaster-movie|disaster-film|sinking-ship|boiler|shipwreck|church|liverpool|wireless-telegraphy|smokestack|signal-rockets|scrap|sacrifice|pig|orchestra|misconception|lost|lookout|life-jacket|gash|freezing|drowning|bravery|sos|cqd|1910s|based-on-book
tt0051383,guardian|aunt-nephew-relationship|mountain-climbing|experimental-school|eccentric|based-on-play|character-name-in-title|nephew|socialite|expectant-mother|heavily-pregnant-mother|mother-son-relationship|husband-wife-relationship|horse-riding|family-relationships|southerner|secretary|pregnancy|nonconformity|dysfunctional-family|paris-france|masturbation-reference|new-york-city|bohemian|christmas|matterhorn|eiffel-tower-paris|memoir|based-on-novel|boy|orphan|bulge|unwed-pregnancy|unwed-mother|child|elopement|writer|wealth|switchboard-operator|stairway|salesclerk|mother-daughter-relationship|hangover|friend|father-daughter-relationship|drunkenness|drink|drinking|cigarette-holder|christmas-present|macy's-department-store|reference-to-the-marx-brothers|reference-to-karl-marx|last-will-and-testament|travel|servant|school|publishing|play|plantation-owner|maturation|love-triangle|liquor|irish|interior-decorator|honeymoon|fox-hunt|falling-from-height|class-differences|bigotry|friendship-between-women|side-saddle|party|friendship|free-spirit|fortune|georgia|cocktail-party|restricted-neighborhood|alcohol|backstage|fox|1930s|telephone-operator|monkey|alps|graduation|fox-hunting|actress|hunting|anti-semitism|department-store|makeover|oil-baron|staircase|poet|college|bracelet|boarding-school|1940s|remodeling|broken-engagement|marriage-proposal|connecticut|1920s|plantation|stock-market-crash|egypt|embarrassment|snob
tt0051290,laramie-wyoming|orphan|marshal|cowboy|deputy-marshal
tt0050706,push-button|ultra-modern-house|future-technology|advanced-technology|factory|garden-party|neighbor|fountain|fish|modern-home|new-technology|technology|suburb|written-and-directed-by-cast-member|culture|car-damage|schoolboy|car-salesman|automation|comfort|bachelor|uncle-nephew-relationship|1950s|modernism|family-relationships|french-culture|prank|new-job|marriage|manufacturer|hose|gate|garage|father-son-relationship|dog|cooking|comedy-of-manners|car-accident|brother-sister-relationship|bird|bicycle|anniversary|dachshund|very-little-dialogue|satire|difference|home-automation|automated-home|dust|stray-dog|written-by-director|home-sweet-home|community|home|bauhaus-architecture|bauhaus|civilization|kitchen|hovel|road-cruiser|dump|brother-in-law-brother-in-law-relationship|first-person-title|surrealism|street-vendor|restaurant|paris-france|new-automobile|landscaping|lamp-post|housekeeper|horse-cart|chase|airport|job-hunting|river|fight|directed-by-star
tt0051406,witch|spell|magical-potion|enchantment|manipulation|love-spell|reference-to-marco-polo|christmas-morning|spellbound|christmas-present|christmas-season|christmas-eve|may-december-romance|older-man-younger-woman-relationship|gay-subtext|mind-control|love-potion|siamese-cat|transformation|romantic-rivalry|incantation|warlock|marriage-proposal|brother-sister-relationship|art-dealer|witchcraft
tt0051808,gold|general|princess|mountain|mute|fortress|heroism|loyalty|humanism|spear|prisoner|impersonation|cave|hideout|duel|greed|body-double|double|martial-arts|combat|violence|warrior|samurai-sword|sword|samurai-warrior|jidai-geki|1500s|katana-sword|feud|samurai
tt0051525,escape|convict|train|swamp|prison|chain-gang|escaped-convict|manhunt|rural-setting|south|prejudice|odd-couple|escape-from-prison|captive|blues-music|attempted-murder|single-mother|racism|mississippi|lynching|betrayal|african-american|race-relations|racial-slur|freedom|sheriff|police|boy|child|child-with-a-gun|rock-'n'-roll|pursuit|transformation|self-sacrifice|radio|racist|prison-escape|neglected-wife|loneliness|humanitarian|ex-convict|cross-cultural-relations|confrontation|black-man|dog|truck-accident|trestle|torch|spit-in-the-face|singing|river-rapids|reporter|rainstorm|pit|frog|freight-train|face-slap|ethnic-slur|car-trouble|campfire|burglary|bloodhound|number-in-title
tt0051297,new-york-city|gun-fire|gun-fight|violence|murder|death|police
tt0051649,magician|orphan|japan|interracial-romance|physical-comedy|goofball|crazy-humor|post-world-war-two|sergeant|stand-up-comedy|armed-forces|sunburn|soldier|rabbit|airport|airplane|magic-show|asian|slapstick|japanese|heckler|bath|geisha|bathhouse|magic|luggage|asia|whistle|stand-up-comedian|hat|cherry|stowaway|chase|baseball|military|sandwich|travel
tt0051776,china|missionary|mandarin|friendship|prison|prison-riot|foot-binding|colonel|world-war-two|1940s|violence|translation|strafing|self-sacrifice|refugee|orphanage|military-occupation|mediation|bombing|adoption|based-on-book|number-in-title
tt0052415,soldier|africa|new-york-city-new-york|german-occupation|concentration-camp|air-attack|coward|guilt|london-england|suicide|redemption|pregnancy|deserter|prisoner-of-war|bomber|british-army|u.s.-army|adultery|fistfight|ambush|infidelity|seduction|berlin-germany|arc-de-triomphe-paris|eiffel-tower-paris|prejudice|jewish|paris-france|brooklyn-new-york-city|singer|performer|surrender|battle|newsreel-footage|1940s|german-army|reference-to-adolf-hitler|ski-instructor|nazism|dancing|new-year's-eve|downhill-skiing|bavaria|1930s|uniform|nazi-soldier|animal-in-title|brooklyn-bridge|anti-semitism|world-war-two|based-on-novel
tt0051773,actress|love|revenge|financier|urban-setting|split-screen|telephone-call|one-word-title|gentleman|extramarital-affair|london-england|deception|famous|based-on-play
tt0051745,houseboat|widower|maid|house-hit-by-train|harmonica|love|jazz-band|slumming|ring-toss|bell|singing|reference-to-george-washington|reference-to-william-shakespeare|reference-to-huckleberry-finn|bare-feet|laundromat|face-slap|runaway|dancing|clown|rowboat|exiting-through-a-window|smoking|pizza|jeep|house-mover|one-word-title|gentleman|diva|cleaning|cooking|cleaning-woman|wedding|single-father|fishing|father-daughter-relationship|father-son-relationship|reference-to-frankenstein
tt0052293,carsploitation|speed|white-lightning|violence|usa|tommy-gun|tennessee|song|slang|singer|river|poverty|post-world-war-two|ohio|internal-revenue-service|gunfire|dusty-road|death|death-of-brother|cigarette-smoking|1940s|war-veteran|treasury-agent|small-city|rural-setting|revenge|power-transformer|oil-slick-sprayer|nightclub-singer|murder|murder-attempt|moonshine|moonshiner|mobster|major-players-not-in-screen-cast|illegal-still|hillbilly|garage|farm|explosion|ejectable-bumper|crime-family|car-mechanic|car-crash|car-chase|brother-brother-relationship|cult-film|smuggling|whiskey|chase|automobile|independent-film
tt0052218,writer|teacher|love|indiana|veteran|hometown|niece|bar|small-town|claim-in-title|wedding|returning-home|redemption|poker-the-card-game|frigidity|drink|drinking|creative-writing-teacher|buddy|brother-brother-relationship|femme-fatale|husband-wife-relationship|family-relationships|brother-sister-relationship|boyfriend-girlfriend-relationship|wound|self-sacrifice|party-girl|murder|jealousy|infidelity|hat|gossip|gambling|father-daughter-relationship|drunkenness|diabetic|carnival|bus|author|teacher-student-relationship|soldier|opposites-attract|midwest|melancholy|homecoming|disillusionment|americana|alcoholism|based-on-novel
tt0052287,oil|swedish|farmer|whaler|revenge|farmhouse|land-dispute|death-by-harpoon|land-swindle|land-grab|swedish-immigrant|swede|swedish-american|oil-lands|oil-discovery|crude-oil|metal-hand|artificial-hand|killed-with-harpoon|bravery|cowardice|punched-in-the-stomach|old-man|death-threat|told-to-get-out-of-town|stranger|run-out-of-town|punched-in-the-face|man-in-black|hired-killer|dead-body|envelope-full-of-money|fat-man|death-of-husband|inheritance|immigrant|held-at-gunpoint|homesteader|henchman|corrupt-sheriff|cold-blooded-murder|shot-multiple-times|intimidation|jail|sheriff|widow|little-girl|little-boy|mother-son-relationship|father-son-relationship|husband-wife-relationship|pregnant-wife|pregnancy|railroad-track|train|beating|torn-clothes|torn-shirt|suitcase|playing-cards|murder-of-father|loss-of-father|family-friend|family-relationships|mexican-american|murder-witness|black-leather-gloves|black-gloves|black-gloved-killer|target-practice|land-owner|hotel-owner|shot-to-death|hispanic|arson|street|candle|neighbor|impalement|bookend-scenes|interracial-friendship|told-in-flashback|corruption|hired-gun|repeated-scene|scene-before-opening-credits|place-name-in-title|secretary|small-town|five-word-title|horse|gunshot-wound|six-gun|pistol|church|hotel|bar|saloon|cowboy|evil-man|small-western-town|duel|last-stand|murder-by-gunshot|cold-blooded-killer|quick-draw|mild-violence|spear|spear-throwing|main-character-shot|gunfight|street-shootout|showdown|rich-villain|greed|boyfriend-girlfriend-relationship|kiss|blonde|long-blonde-hair|state-name-in-title|deep-focus|one-armed-man|moral-courage|mexican|land-rights|heritage|evil-landowner|murder|harpoon|death-of-father
tt0051261,bare-chested-male|cowboy|deputy-sheriff|sheriff|one-word-series-title|character-name-in-series-title
tt0051429,riviera|playboy|french-riviera|redheaded-woman|morality-play|middle-age-romance|french-literature|foreign-language-adaptation|black-and-white-segues-into-color|saint-tropez|mediterranean-sea|beach|tragedy|suicide|melodrama|guilt|car-accident|widower|water-skiing|summer-holiday|single-parent|fiance-fiancee-relationship|father-daughter-relationship|casino|based-on-novel|bare-chested-male|man-in-swimsuit|hairy-chest|sunburn|dancing|beach-house
tt0051301,detective|private-detective|jazz-score|famous-score|two-word-title|neo-noir|maitre-d'|jazz|famous-opening-theme|character-name-in-title
tt0052190,
tt0052182,hotel|writer|song-during-credits|music-score-features-flute|leitmotif|orchestral-music-score|snobbery|sexual-tension|sexual-desire|seduction|retired-teacher|old-maid|reference-to-mickey-spillane|loneliness|latin|flirtation|ex-husband-ex-wife-relationship|ex-convict|class-differences|bitch-slap|alcoholism|blockbuster|sexual-repression|ostracism|mother-daughter-relationship|domineering-mother|based-on-play
tt0052315,based-on-play
tt0052027,fisherman|sea|fish|old-man|marlin|cuban|fishing|village|cuba|shark|reference-to-god|reference-to-the-new-york-yankees|reference-to-the-detroit-tigers|reference-to-joe-dimaggio|american-literature|widower|whale|tourist|stock-footage|stars|solitude|shack|sailboat|rocking-chair|referee|prayer|porpoise|ocean|oar|newspaper|voice-over-narration|mast|lion|gambling|flying-fish|flashback|fishing-village|endurance|dream|dream-sequence|cat|beach|baseball|bar|arm-wrestling|boat|pulitzer-prize-source|based-on-novel
tt0052216,pawnshop|sicilian|farce|photographer|gang|burglar|boxer|three-word-title|du-rififi-chez-les-hommes-spoof|jewel-thief|vespa|unemployment|unlikely-criminal|release-from-prison|recruiting|poetic-justice|planning|petty-thief|explosion|drill|tunnel|spoof|heist|heist-movie|drilling-machine|digging|clueless|caper|caper-comedy|clumsiness|cigarette-smoking|brother-sister-relationship|water-pipe|safe|petty-criminal|leak|key|jewelry|family-honor|courtship|career-criminal|boxing-arena|auto-theft|apron|commedia-all'italiana|rome-italy|italy|italian-comedy|uncensored|tram|stealing|prison|poverty|maid|job|funeral|dowry|carnival|bumper-car|amnesty|plan|mishap|lesson|kitchen|hole|broken-arm|robbery|fake-accent|false-confession|safecracker
tt0051516,devil|baseball|baseball-movie|femme-fatale|based-on-stage-musical-based-on-book|long-take|sex|faust|based-on-stage-musical|baseball-widow|sports-team|husband-wife-relationship|world-series|witch|washington-d.c.|superstar|suicide|redemption|airplane-crash|pennant-race|old-hag|obsession|new-york-yankees|missing-person|middle-age-romance|lost-soul|long-ball-hitter|heart|hearing|hannibal-missouri|escape-clause|beat-the-devil|baseball-comissioner|age-regression|television|seduction|scandal|pay-phone|mambo|locker-room|dancing|deal-with-the-devil|based-on-book|title-spoken-by-character
tt0051435,jealousy|russia|death|drinking|drink|father-son-relationship|gambling-debt|poker|escape|gypsy|russian-army-officer|iou|gold-digger|hate|coach|party|drunkenness|money|love-triangle|blonde|russian-woman|hanging|police|courtroom|cheating|envy|betrayal|epileptic|stepbrother-stepbrother-relationship|brother-brother-relationship|year-1870|russian-literature|foreign-language-adaptation|patricide|murder|remake|based-on-novel|character-name-in-title
tt0053072,escaped-convict|oxygen-mask|outer-space|fiance-fiancee-relationship|juvenile-delinquent|blind-leading-the-blind|u.s.-army|moon-landing|accidental-stowaway|moon-people|giant-spider
tt0051758,police|prostitute|arrest|bar|jazz-score|wild-party|death-row|execution-of-woman|death-of-main-character|true-crime|female-protagonist|courtroom-drama|punctuation-in-title|exclamation-point-in-title|prison-nurse|san-quentin-penitentiary|prison-matron|friendship-between-women|female-bonding|drug-addict|drug-addiction|jazz|baby|nurse|death-penalty|women's-prison|cult-film|cult-director|femme-fatale|california|party|interrogation|rorschach-inkblot|prison|newspaper|confessional|bus|gas-chamber|newlywed|check-fraud|bartender|perjury|execution|tv-news|domestic-violence|police-surveillance|priest|reporter|paparazzi|face-slap|parole|los-angeles-california|divorcee|hearing-aid|based-on-article|capital-punishment|trial|stuffed-animal
tt0051329,character-name-in-title
tt0051365,troupe|charlatan|autopsy|grieving-mother|love-potion|faked-death|actor|mysticism|magnet|potion|fake-beard|fake-moustache|wager|skepticism|carriage|dead-body|disguise|woman-dressed-as-man|stage-magician|satire|magician|illusion|parable|1800s
tt0052302,actor|backstage|socialite|alcoholic|actress|hollywood-bowl|mental-patient|washington-square-manhattan-new-york-city|bald-man|tears|crying|pursuit|chase|bus-driver|running|writer|druggist|nurse|destroying-property|breaking-a-store-window|looking-in-a-drugstore-window|drugstore|alleyway|throwing-a-drink-into-someone's-face|fired-from-the-job|strip-club|bar|marilyn-monroe-imitation|greta-garbo-imitation|u.s.-sailor|boxer-shorts|slip-the-undergarment|telegram|flowers|train|summer-stock-theatre|bloody-mouth|hit-with-a-tennis-ball|rear-ending-a-car|stairway|recording|record-player|drunk-driving|unfaithfulness|adultery|extramarital-affair|sweater|shoulder-massage|goose-bumps|man-carries-a-woman-in-his-arms|swimsuit|swimming-pool|contract|ex-husband-ex-wife-relationship|convertible|dead-body|gurney|death|elevator|pajamas|hospital|theatre-marquee|59-year-old|face-slap|telephone-hangup|telephone-book|telephone-call|cigarette-lighter|movie-soundstage|memory|champagne|cigarette-holder|cigarette-smoking|cough-drop|microphone|blowing-into-a-microphonew|cigar-smoking|brandy|kiss|dancing|dancer|hollywood-turf-club|fake-nose|acting|kiss-on-the-cheek|teenage-girl|behind-the-scenes|party|auld-lang-syne|jealousy|loneliness|shakespearean-soliloquy|deep-sea-fishing|fishing|divorce|drinking|drink|maid|mobie-preview|repetition-in-title|nymphomaniac|wig|suit-of-armor|striptease|movie-star|grauman's-chinese-theater|hairstyling|eagle|falling-into-water|starlet|western-union|cheesecake|in-joke|limousine|chauffeur|shakespearean-quotation|bus|mental-hospital|yacht|manhattan-new-york-city|womanizer|servant|self-confidence|reporter|publisher|price-of-fame|poet|new-york-city|motion-picture-producer|melodrama|mansion|letter|infidelity|hollywood-california|fame|drunkenness|domineering-mother|broadway-manhattan-new-york-city|boat|bird|baldness|mother-daughter-relationship|husband-wife-relationship|tragic-event|tennis-player|suicide-attempt|show-business|sanitarium|poetess|humiliation|failure|employment|based-on-autobiography|alcoholism|death-of-mother|death-of-father|based-on-book
tt0051690,family-relationships|gunfighter|confrontation|half-breed|native-american|chase-on-horseback|street-shootout|professional-gunfighter|law-and-order|sioux-heritage|french-heritage|two-word-title|held-at-gunpoint|singing|singer|song|sioux-tribe|father-son-relationship|falling-off-a-cliff|bullet|white-horse|trial|shooting-practice|sheriff|saloon|horse-riding|racism|prostitute|posse|breaking-a-mirror|masculinity|jail-cell|horse-herding|falling-off-horse|drinking|blood|blackmailer|brother-brother-relationship|murder
tt0052005,sergeant|military|barracks|hillbilly|draftee|pompousness|air-force-sergeant|air-force-general|kerosene|nightclub|atomic-testing|air-force-veteran|army-general|yucca-flats|psychologist|cigarette-girl|wac|drunkenness|farce|parachute|wristwatch|demotion|taps|reference-to-stonewall-jackson|bunk-bed|gas-pump|rotc|uncle-sam-i-want-you-poster|hayseed|bathroom|based-on-stage-play-based-on-novel|jumping-from-an-airplane|missile|bar-fight|farm|airplane-accident|airplane-shot-down|u.s.-air-force|presumed-dead|latrine|ignorance|fish-out-of-water|breaking-the-fourth-wall|boot-camp|basic-training|bar-brawl|atomic-bomb|based-on-tv-movie|based-on-play|based-on-novel
tt0053935,desert|north-africa|sweat|hot-weather|briton-abroad|shorts|alexandria-egypt|desert-road|driving-through-the-desert|desert-warfare|british-soldier|afrika-corps|british-military|british-eighth-army|north-africa-campaign|ambulance|nurse|lager|cross|south-african|drunk|british|army|beer|dust|uniform|firearm|nazi-uniform|nazi-soldier|wehrmacht|panzer|team-on-a-mission|pump|spring|stuka-dive-bomber|stuka-aircraft|aerial-bombing|aerial-bombardment|extraordinary-strength|superhuman-strength|feats-of-strength|feat-of-strength|strength|starts-with-narration|mechanic|headlights|tin-can|tin|downhill|starting-handle|arrest|mutual-respect|cover|pow|dog-tag|guard|uphill|reverse|military-police|cover-story|false-identity|moral-dilemma|bar|singing|ascent|compass|traitor|covered-in-mud|unconscious|quagmire|sugar|rifle|collapse|water|disguise|footprint-in-sand|radio|transmitter|aircraft|jack|mechanical-breakdown|drinking-water|well|digging|submachine-gun|pistol|deception|disarm|water-canteen|suspicious-behavior|grave|lipstick|pickaxe|burial|digging-a-grave|grave-digging|digging-grave|shovel|corpse|guilt|suspicion|spade|night|cooking|camping|camp|making-tea|tea|escort|dead-woman|woman-dying|goggles|treating-wound|nursing|bottle-of-gin|shot-in-the-abdomen|wounded|machine-gun|half-track|chase|pursuit|alcohol|drink|junkers-ju-87-stuka|stuka|dive-bomber|bomber|bombing|can|stepping-on-land-mine|stepping-on-a-land-mine|mine-field|track|landmine|mine|minefield|barbed-wire|strong-man|panic-attack|panic|backpack|alcoholic|gin|post-traumatic-stress-disorder|jerry-can|bridge|brandy|sedation|injection|blowing-up-a-bridge|red-cross|blow-up|binoculars|whiskey|smoking|cigarette|vehicle-convoy|convoy|female-nurse|sister|brigadier|drinking|drunk-man|military-ambulance|man-in-bath|taking-a-bath|bathing|bath|cap|hat|military-uniform|sweaty-face|truck|woman-in-uniform|explosion|evacuation|black-smoke|cargo-ship|ship|coastal-town|sergeant|exhaustion|heat|sun|driving-through-desert|sand-dune|dune|sand|inhospitable-terrain|captain|black-and-white|marching|prisoner-of-war|military-vehicle|military|vehicle|allied-forces|opening-narration|sweating|reference-to-tobruk-libya|artillery-fire|artillery|gun|tobruk|tank|archive-footage|map|german-soldier|german-officer|british-officer|soldier|officer|british-army|reference-to-rommel|port|campaign|mediterranean|spy|quicksand|world-war-two|based-on-novel|bullet-hole|bare-chested-male|speaking-german|german-half-track|carlsberg
tt0051257,british|children|children's-tv-show|two-word-title|color-in-title|long-running-tv|magazine-show
tt0051899,former-outlaw|train-robbery|hairy-chest|bare-chested-male|male-stripping|wanted-man|cousin-cousin-relationship|self-sacrifice|humiliation|husband-wife-relationship|ghost-town|moral-transformation|haunted-by-the-past
tt0052320,cloud|mountain|alien|telepathy|tentacle|telephone|professor|mind-reading|knife-attack|hut|hotel|german-accent|radioactivity|snow|monster|observatory|molotov-cocktail|eye|psychic-power|extrasensory-perception|decapitation|h.p.-lovecraft|one-eyed-monster|sister-sister-relationship|cigarette-smoking|telescope|rope|travel-poster|radio|firebomb|child-in-peril|telephone-call|newspaper|map|fainting|echo|walking-dead|united-nations|train|train-station|television-camera|strangulation|scotch-whiskey|rumor|metric-system-usage|little-girl|german-language|geneva-switzerland|flask|cosmic-ray|brandy|airplane|cable-car|hypnotism|mountaineer|avalanche|andes-mountains
tt0052080,resistance-movement|1940s|world-war-two|wrong-person-assassinated|warsaw-poland|wake|vodka|violet-the-flower|using-bell-as-hammer|toilet|telephone-call|sunglasses|statue|shot-in-the-back|shooting|sex|secretary|polonaise|poland|pay-phone|murder|mayor|reference-to-jesus-christ|friendship|flaming-drink|fire-extinguisher|dying-in-someone's-arms|desk-clerk|cross|chapel|broken-shoe-heel|assassin|assassination|killing|communist|resistance|soldier|mistake|hotel|friend|fireworks|resistance-fighter|reference-to-the-virgin-mary|soviet-troops|red-army|russian-abroad|bar-singer|walking-with-a-can|can|receptionist|hotel-receptionist|cleaning-lady|polish-resistance|year-1945|bare-chested-male|whistle|watching|watching-a-movie|washing-one's-face|voyeurism|uprising|trust|train|town-council|teenage-boy|technical-institute|tears|tank|symbolism|studying|student|stockings|sticking-out-one's-tongue|speech|spain|soviet-occupation|souvenir|song|sliding-glass-down-bar|sixty-something|sister-sister-relationship|singing|singer|shoes|shoemaker|security-police|rural-setting|running|rifle|reference-to-josef-stalin|recording|record-player|rain|propaganda|prison|poznan|portrait|politics|polish-flag|police|policeman|police-chief|poem|patriot|patriotism|party-decoration|painting|orphan|newsreel-footage|neighbor|nazi|national-health|musician|mother-daughter-relationship|money|mirror|memory|marching|major|maid|machine-gun|loudspeaker|listening-to-music|lieutenant|letter|last-dance|kiss|kicking|key|jeep|invitation|inscription|husband-wife-relationship|hungarian|house-of-cards|horse|hiding|hero|headache|gun|gramophone|german-surrender|france|following|flower|fire|fiance-fiancee-relationship|father-son-relationship|father-daughter-relationship|farm|farmer|factory|face-slap|engineer|fired-from-the-job|editor|dying|drunkenness|drink|drinking|dressing|diamond|deserter|democracy|death-of-wife|dead-body|dancing|dancer|dachau|crypt|crying|coward|count|comrade|communist-party|colonel|cognac|clothes-line|cigarette-smoking|church|church-bell|children|chestnut|cement|cement-factory|card-playing|captain|candle|bureaucrat|bug|brother-in-law-sister-in-law-relationship|blood|bicycle|berlin-germany|beer|bedsheet|bar|banquet|band|ash|artist|arrest|armoire|ant|american|party|metaphor|death|dance|celebration|bartender|death-of-mother|death-of-father|based-on-novel|russian-in-europe|pulling-tablecloth-and-dishes-off-table|germany
tt0052278,class|journalism|editor|newspaper|night-school|professor|writer|cap-and-gown|ice-bag|putting-a-drunk-to-bed|mambo|song|nightclub|blackboard|elevator|typewriter|cigarette-smoking|newspaper-man|deception|opposites-attract|assumed-identity|newspaper-editor|hangover|older-man-younger-woman-relationship|classroom|may-december-romance|teacher|diva
tt0052050,mob|lawyer|dancer|trial|kidnapping|henchman|psychopath|wife|watch|train|suicide|jail|gambling|show-girl|1930s|chicago|machine-gun-fire|leg-surgery|handicapped|female-dancer|night-club|bail|jury|judge|courthouse|mob-lawyer|police|mob-war|mob-boss|organized-crime|district-attorney|murder|acid|sugar-baby|intimidation|showgirl|1920s|gangster|cripple
tt0051433,revenge|small-town|posse|bar-shootout|redemption|false-accusation|shot-in-the-back|ranch|praying|moral-transformation|little-girl|kidnapping|jail-break|impostor|husband-wife-relationship|hangman|gunshot-wound|father-daughter-relationship|dead-horse|dead-body|cabin|outlaw-gang|sheriff|rape|mexican|mexican-border|hanging|forgiveness|church|chase|based-on-novel
tt0051849,revenge|sheriff|cattleman|lew-wallace|left-handed-gunman|fast-draw|pistol|showdown|old-west|street-shootout|last-stand|kiss|outlaw-gang|tough-guy|psychopath|obituary|pinata|soldier|upright-piano|torch|shootout|towel-snap|shackles|quick-draw|paralysis|music-box|coffin|reading-a-book|stagecoach|psychological-western|wake|troubled-youth|saloon|fiesta|cockfight|cavalry|wedding|wanted-man|vengeance|shotgun|shooting|rifle|revolver|rage|prison-escape|journalist|jail-cell|friendship|fire|fever|corruption|outlaw
tt0050393,american|nuclear-power|monster|military|mayor|experiment|nuclear-power-plant|brain|manitoba|brain-eater|brain-eating|brain-melting|living-brain|human-brain|disembodied-brain|invisible-enemy|u.s.-air-force|strangulation|stop-motion-animation|small-town|siege|secretary|reconnaissance|psychokinesis|prologue|professor|pipe-smoking|missing-person|military-officer|loss-of-brother|insanity|forest|flashback|fireplace|farm|dynamite|doctor|crypt|barn|autopsy|shower|funeral|fistfight|cold-war|coffin|cemetery|air-base|invisibility|cult-film|radar|mutant|pitchfork
tt0050039,private-detective|mike-hammer|character-name-in-series-title|kneed-in-the-face|pulp|death|judo|fistfight|violence|murder|robbery|two-word-title|private-investigator
tt0050381,feats-of-strength|bare-chested-male|roman-mythology|mixed-martial-arts|sword-and-fantasy|based-on-greek-myth|mythology|sword-and-sandal|ancient-greece|greek-mythology|sword-and-sorcery
tt0052126,debutante|17-year-old|ball|drummer|ends-with-a-kiss|reception-line|death-of-uncle|newspaper-headline|newspaper|reading-a-newspaper|eyeglasses|crying-woman|teenage-girl|crying-teenage-girl|marriage-proposal|kiss-on-the-forehead|eating|food|asking-father's-permission-to-marry-daughter|maid|flowers|handshake|pretending-to-fight|listening-at-a-door|reference-to-capri-italy|reference-to-florence-italy|duke|uncle-nephew-relationship|reference-to-paris-france|first-kiss|falling-to-the-floor-when-a-door-is-opened|looking-out-a-window|kiss|lie|champagne|giving-a-toast|god-save-the-queen|face-slap|confession-of-love|nightclub|dead-mother|wrong-telephone-call|story-telling|restaurant|men's-bathroom|telephone-number|falling-asleep|reference-to-italy|breakfast-in-bed|montage|lady|lord|sherry|reference-to-harrod's|rain|limousine|dancer|mother-daughter-relationship|telephone-call|telephone|drinking|drink|wealth|stepmother-stepdaughter-relationship|wife-and-husband-lead-actors|snob|secretary|proposal|mistaken-identity|jealousy|guard|gossip|flirtation|eavesdropping|drunkenness|drum|dancing|aristocracy|american-in-the-uk|socialite|reputation|high-society|forbidden-love|father-daughter-relationship|culture-clash|comedy-of-manners|american-abroad|london-england|based-on-play
tt0052631,murder|actor-shares-first-name-with-character
tt0051436,louisiana|governor|ship|andrew-jackson|war-of-1812|fight|pirate|trading-post|1810s|argument|doublecross|pillaging|map|nickname|doomed-romance|gun|gunfire|cannon|amnesty|pardon|fire|knife|death-by-hanging|hanging|sailing|introduction|begins-with-a-documentary-introduction|narrator-introduction|prologue|year-1815|horse|father-daughter-relationship|fiance|fiancee|wedding-dress|loss-of-sister|death-of-sister|engagement-ring|engagement|dog|new-orleans-louisiana|soldier|battle|pirate-ship|pirate-gang|pirate-captain|sinking-ship|female-pirate|hairy-chest|bare-chested-male|epic|battle-of-new-orleans|two-word-title|u.s.-president|remake|based-on-novel
tt0052427,queen|forest|interrupted-whipping|miniature-person|wedding|song|singing|singer|posessed-dancing-shoes|mother-son-relationship|love|father-son-relationship|dancing|dance|dancer|tom-thumb|three-wishes|character-name-in-title
tt0051437,framed-for-murder|male-male-hug|final-showdown|false-accusation|dishonor-among-thieves|dysfunctional-family|extortion|interrupted-hanging|crooked-sheriff
tt0053293,men-in-tights|reference-to-robin-hood|deception|heroic-outlaw|outlaw-gang|band-of-outlaws|bow-and-arrow|death-of-a-friend|nottingham-england
tt0051500,police|surrender|panic|hostage|tear-gas|infant|murder|juvenile-delinquent|tv-news|revenge|reporter|parentage|juvenile-delinquency|jealousy|fistfight|firearm|fear|drunkenness|drive-in-theater|corruption|club|adolescent|accident|weapon|television|teenager|spectator|physical-abuse|on-the-run|negotiation|media-circus|law|janitor|intimacy|hideout|hidden|drive-in|consumer|brutality|independent-film
tt0052556,weekend|dinner|dijon|stranger|polo-player|burgundy|polo|reference-to-johannes-brahms|leaving-home|man-and-woman-in-bath|shared-bath|bath|topless-female-nudity|brief-female-nudity|adulteress|undressing|dumped-by-lover|water-mill|night-walk|road-trip|bat|spaniard|archeologist|giggles|laughing-fit|citroen-2cv|car-engine-failure|amusement-park-ride|breakfast-in-bed|cheating-on-husband|cheating-wife|printing-press|magazine-publisher|magazine|hair-style|brushing-hair|bourgeoisie|bourgesoie-values|petty-bourgeois|1950s|two-word-title|controversial-art|unfaithfulness|mirror|marriage|jewelry|happiness|extramarital-affair|controversy|bed|adultery|castle|dachshund|workaholic|sex|secret-lover|paris-france|newspaper|infidelity|husband-wife-relationship|car-breakdown|based-on-novel
tt0051349,fort|apache-territory|apache|ex-confederate|bigotry|judge|murder|scout|prisoner|mistrust|mexican-woman|repeating-rifle|water-canteen|cavalry-patrol|gun-runner|year-1867|post-civil-war|union-soldier|pass|ambush
tt0051286,knight|based-on-novel|character-name-in-title
tt0051312,anthology|character-name-in-title
tt0051422,mad-scientist|prison|heart-transplant|vampire|strapped-to-a-table|dungeon|chloroform|chained-to-a-wall|deformed-man|execution|stake-through-the-heart|sawed-off-shotgun|blood-transfusion
tt0050894,frankenstein|doctor|brain|guillotine|hospital|escape|assistant|experiment|laboratory|nurse|strap|patient|transplant|hunchback|costume-horror|mob|beating|panic|exhumation|distress|musician|hay|investigation|pony|barn|equestrian|face-slap|spit|rage|furnace|gauze|lab-rat|cannibalism|hospital-ward|anguish|cadaver|blood|anesthesia|london-england|arrest-warrant|magnifying-glass|collapse|music-recital|reference-to-handel|violinist|police-officer|strangulation|doctor-patient-relationship|horse-and-carriage|artificial-life|embalming-fluid|operating-table|handicapped-person|assumed-identity|hypodermic-needle|scalpel|local-council|surgery|ethics|deformity|body-parts|equipment|pupil|trust|injection|pantaloon|gravestone|drunkenness|countess|heart-attack|pub|executioner|1860s|gothic-horror|upper-class|terror|tattoo|socialite|scream|scientist|scientific-experiment|science|scar|revenge|rabbit|priest|personality-change|murder|mad-doctor|lower-class|lab-animal|head|grave|graveyard|genius|fight|facial-scar|experiment-gone-wrong|disfigurement|dirt|decapitation|corpse|coffin|chimpanzee|cemetery|brought-back-to-life|brawl|body-snatcher|ants|hammer-horror|second-part|reanimation|severed-hand|sequel|eyeball|mad-scientist|disembodied-hand|skeleton|brain-transplant|doctor-frankenstein|frankenstein's-monster|severed-arm|grave-robbing|character-name-in-title
tt0052129,illegitimacy|nagging-wife|alcoholic-wife|teenage-angst|coming-of-age|unhappy-marriage|jealousy|rivalry|peer-pressure|mother-daughter-relationship|reference-to-thornton-wilder|high-school-teacher|high-school-student|high-school-dance|sexual-repression|audition|humiliation|family-secret|dysfunctional-family
tt0052445,
tt0051913,matchmaker|milliner|yonkers-new-york|clerk|older-woman-younger-man-relationship|uncle-niece-relationship|love|widow|widower|waiter|transformation|sneezing|reputation|photograph|money|miser|marriage|irish-american|impersonation|general-store|friendship|female-impersonation|extravagance|employer-employee-relationship|cat|barber|age-difference|tightwad|reunion|restaurant|new-york-city|independence|hat-shop|shopkeeper|remarriage|plan|middle-age|grouch|boss|matchmaking|breaking-the-fourth-wall|based-on-play
tt0051453,national-service|carry-on|sergeant|three-word-title|first-part|uniform|military-spoof|british-soldier|british-army|barracks|nco|corporal|naafi|military|intellectual|first-of-series|based-on-novel|character-name-in-title|actor-shares-first-name-with-character|independent-film
tt0051666,hairy-chest|gold|farm|mill|albino|digging-hole|unemployment|sheriff|poverty|marriage|georgia|infidelity|augusta-georgia|search-for-gold|farm-family|adult-humor|satire|southern-literature|rural-setting|superstition|small-town|seduction|religion|loan|lechery|jealousy|great-depression|fistfight|father-son-relationship|drunkenness|disillusionment|despair|debt|brother-in-law|african-american|sex|family-relationships|prospector|melodrama|extramarital-affair|backwoods|based-on-novel|title-spoken-by-character
tt0051866,phone-booth|line-up|heroin|police|driver|gangster|statuette|taxi|mentor|porter|doll|alcoholic|police-officer|japanese-doll|psychopath|cab|taxi-cab|police-shootout|gunfight|violence|opening-action-scene|sauna|falling-out-among-thieves|shot-in-back|freeway|dying-words|hypodermic|cheap-apartment|drug-paraphanalia|wheel-man|forensics|blackmail|dipsomania|sociopath|hired-killer|motive|disembarking-ship|pier|drug-addict|custom-house|airport|golden-gate-bridge|dead-body-in-water|dock|mounted-police|museum|suntan|aquarium|calliope|telescope|motorcycle-cop|steam-bath|skating-rink|asian-servant|seaman|ice-skating|fall-to-death|arcade|police-siren|grammar|death|automobile|car-chase|silencer|steam-room|bloody-hand|falling-from-height|man-slaps-a-man|man-hits-a-man|last-words|crying-girl|human-shield|shootout|person-in-a-wheelchair-falls-from-height|killing-someone-in-a-wheelchair|wheelchair|child-in-peril|police-lineup|opera-house|policeman|silverware|flatware|house-boy|dead-man|killer|murderer|mother-daughter-relationship|destroying-a-doll|embarcadero-freeway-san-francisco|sutro-museum|.38-silenced-revolver|san-francisco-california|murder|drug-smuggling|cult-film
tt0051912,
tt0052104,space-station|space-station-explosion|matriarchy|nuclear-energy|planet-of-women|outer-space|laser-beam|all-female-army|venus-the-planet|rocket-ship|revolution|rebellion|ray-gun|amazon-tribe|disfigured-face|female-dominated-society
tt0051283,yogi-bear|barefoot-cartoon-animal|half-dressed-cartoon-animal|drawling|cartoon-wolf|cartoon-hound|cartoon-dog|cartoon-bear|reference-to-huckleberry-hound|cat-versus-mouse|character-name-in-title
tt0051829,title-from-song
tt0051398,japan|edo-japan|japanese-history|intrigue|usa|tokyo-japan|shogun|samurai|japanese|japanese-woman|asia|19th-century|1950s|1850s|archery|xenophobia|telescope
tt0052117,army|captain|top-secret|protest|bustier|peignoir|watching-television|confusion|boxer-shorts|hotel|ranking|general|speaker|stage|audience|babysitter|tears|towel|bathtub|crying|anger|little-boy|bartender|train-station|phone-booth|commuter|bar|train|laughter|drunkenness|committee|mayor|nominations|statue|applause|tent|desert|water|tv-camera|covered-bridge|acoustic-guitar|brother-brother-relationship|golf-club|father-daughter-relationship|record-player|sailboat|fantasy-sequence|mother-son-relationship|village|tv-dinner|father-son-relationship|protestor|placard|motorcycle|hysteria|champagne|jealousy|caviar|perfume|uniform|underwear|military|flowers|luxury-hotel|american|flirt|ponytail|rowboat|monument|lake|flirting|dancing|bonfire|walkie-talkie|firecracker|thanksgiving-pageant|black-cat|male-singer|naval-reservist|truck-crashing-into-a-building|tow-truck|jeep|picket-sign|compromising-situation|reading-a-bedtime-story|reference-to-marc-antony|reference-to-cleopatra|hotel-suite|spilling-perfume|room-service|bouquet-of-flowers|red-rose|hit-by-a-door|aerial-shot|jumping-out-of-a-boat|couple-in-a-row-boat|pentagon|man-dancing|hysterical-laughter|drunken-woman|drunken-man|swinging-from-a-chandelier|woman-dancing|spraying-perfume|involuntary-appointment|can't-say-no|committee-chairwoman|town-meeting|48-star-american-flag|reference-to-clark-gable|reference-to-jean-harlow|painting-fingernails|woman-in-a-bath|woman-in-a-towel|over-scheduled|woman-crying|convertible|hanging-upside-down|passenger-train|washington-d.c.|troubled-marriage|teenager|spaceship|soldier|small-town|slang|sinking-ship|romantic-tension|rocket-launching|reconciliation|pilgrim|other-woman|new-england|network-executive|negligee|military-base|husband-wife-relationship|hot-foot|historical-reenactment|flirtation|fire|drinking|conscription|commuting|community-action|civic-activist|chimpanzee|bumbling|breakup|breaking-the-fourth-wall|brawl|bored-housewife
tt0052270,revolution|french-revolution|sacrifice|guillotine|unrequited-love|self-sacrifice|political-unrest|mission|lawyer|18th-century|charles-dickens|based-on-novel
tt0051911,summer|advertising-agency|playwright|camp|lingerie-slip|older-man-younger-woman-relationship|manhattan-new-york-city|broadway-manhattan-new-york-city|family-relationships|reference-to-rudolph-valentino|wedding|unrequited-love|theatrical-backer|songwriter|self-respect|seder|resort|premarital-sex|new-york-city|musical-revue|maturation|heart-disease|friendship|bohemian|bar-mitzvah|adirondack-mountains|actress|uncle-niece-relationship|love-triangle|jewish|doctor|based-on-novel|character-name-in-title
tt0051285,invisible-man|spy|science|super-hero|science-professor
